1	MCCP01v2_0001|ID:20167644|dnaA|	gi|83319700|ref|YP_424001.1|	99
2	MCCP01v2_0002|ID:20167645|dnaN|	gi|83319869|ref|YP_424002.1|	98
3	MCCP01v2_0003|ID:20167646|rnmV|	gi|83319973|ref|YP_424003.1|	99
4	MCCP01v2_0004|ID:20167647|rsmA|	gi|83319298|ref|YP_424004.1|	97
5	MCCP01v2_0005|ID:20167648|	gi|83319509|ref|YP_424005.1|	80
6	MCCP01v2_0006|ID:20167649|	gi|83319509|ref|YP_424005.1|	97
7	MCCP01v2_0007|ID:20167650|	gi|83319309|ref|YP_424006.1|	97
8	MCCP01v2_0008|ID:20167651|dnaX|	gi|83320030|ref|YP_424007.1|	99
9	MCCP01v2_0009|ID:20167652|recR|	gi|83319376|ref|YP_424008.1|	98
10	MCCP01v2_0010|ID:20167653|tmk|	gi|83319417|ref|YP_424009.1|	99
11	MCCP01v2_0011|ID:20167654|	gi|83319611|ref|YP_424010.1|	98
12	MCCP01v2_0012|ID:20167655|	gi|83319521|ref|YP_424011.1|	99
13	MCCP01v2_0013|ID:20167656|	gi|83319854|ref|YP_424012.1|	100
14	MCCP01v2_0014|ID:20167657|tilS|	gi|83319710|ref|YP_424013.1|	98
15	MCCP01v2_0015|ID:20167658|	gi|83320027|ref|YP_424014.1|	100
16	MCCP01v2_0016|ID:20167659|	gi|83320027|ref|YP_424014.1|	99
17	MCCP01v2_0017|ID:20167660|ftsH|	gi|83319940|ref|YP_424015.1|	98
18	MCCP01v2_0018|ID:20167661|	gi|83319537|ref|YP_424184.1|	27
19	MCCP01v2_0019|ID:20167662|	gi|83319828|ref|YP_424016.1|	97
20	MCCP01v2_0020|ID:20167663|	gi|83320018|ref|YP_424017.1|	70
21	MCCP01v2_0021|ID:20167664|	gi|83320018|ref|YP_424017.1|	69
22	MCCP01v2_0022|ID:20167665|hslO|	gi|83319749|ref|YP_424018.1|	98
23	MCCP01v2_0023|ID:20167666|	gi|83319807|ref|YP_424019.1|	99
24	MCCP01v2_0024|ID:20167667|azoR|	gi|83319505|ref|YP_424020.1|	98
25	MCCP01v2_0025|ID:20167668|	gi|83319875|ref|YP_424508.1|	48
26	MCCP01v2_0026|ID:20167669|cspC|	gi|83319695|ref|YP_424021.1|	100
27	MCCP01v2_0027|ID:20167670|rpsF|	gi|83319327|ref|YP_424022.1|	98
28	MCCP01v2_0028|ID:20167671|ssb|	gi|83319323|ref|YP_424023.1|	99
29	MCCP01v2_0029|ID:20167672|rpsR|	gi|83319872|ref|YP_424024.1|	99
30	MCCP01v2_0030|ID:20167673|	gi|83319435|ref|YP_424025.1|	98
31	MCCP01v2_0031|ID:20167674|mtlA|	gi|83319352|ref|YP_424026.1|	97
32	MCCP01v2_0032|ID:20167675|mtlA|	gi|83319352|ref|YP_424026.1|	98
33	MCCP01v2_0033|ID:20167676|srlD|	gi|83320002|ref|YP_424027.1|	98
34	MCCP01v2_0034|ID:20167677|mtlF|	gi|83319928|ref|YP_424028.1|	92
35	MCCP01v2_0035|ID:20167678|	gi|83319840|ref|YP_424029.1|	98
36	MCCP01v2_0036|ID:20167679|mtlD|	gi|83319746|ref|YP_424030.1|	98
37	MCCP01v2_0037|ID:20167680|mtlD|	gi|83319746|ref|YP_424030.1|	97
38	MCCP01v2_0038|ID:20167681|lpp|	gi|83319596|ref|YP_424032.1|	45
39	MCCP01v2_0039|ID:20167682|lpp|	gi|83319296|ref|YP_424031.1|	49
40	MCCP01v2_0040|ID:20167683|metG|	gi|83320001|ref|YP_424033.1|	99
41	MCCP01v2_0041|ID:20167684|lpp|	gi|83320016|ref|YP_424198.1|	52
42	MCCP01v2_0042|ID:20167685|rbsA|	gi|83319838|ref|YP_424034.1|	98
43	MCCP01v2_0043|ID:20167686|	gi|83319467|ref|YP_424035.1|	95
44	MCCP01v2_0044|ID:20167687|	gi|83319356|ref|YP_424036.1|	98
45	MCCP01v2_0045|ID:20167688|gyrA|	gi|83319625|ref|YP_424037.1|	99
46	MCCP01v2_0046|ID:20167689|gyrB|	gi|83319520|ref|YP_424038.1|	100
47	MCCP01v2_0047|ID:20167690|lpp|	gi|83319266|ref|YP_424039.1|	96
48	MCCP01v2_0048|ID:20167691|lpp|	gi|83319266|ref|YP_424039.1|	92
49	MCCP01v2_0049|ID:20167692|	gi|83319304|ref|YP_424040.1|	96
50	MCCP01v2_0050|ID:20167693|secA|	gi|83319511|ref|YP_424042.1|	100
51	MCCP01v2_0051|ID:20167694|	gi|83319813|ref|YP_424043.1|	98
52	MCCP01v2_0052|ID:20167695|	gi|83319696|ref|YP_424044.1|	99
53	MCCP01v2_0053|ID:20167696|hsdM|	gi|83319540|ref|YP_424724.1|	28
54	MCCP01v2_0054|ID:20167697|hsdS|	gi|83319270|ref|YP_424241.1|	24
55	MCCP01v2_0055|ID:20167698|Hsdr|	gi|83319578|ref|YP_424154.1|	37
56	MCCP01v2_0056|ID:20167699|Hsdr|	gi|83319946|ref|YP_424477.1|	42
57	MCCP01v2_0057|ID:20167700|Hsdr|	gi|83319885|ref|YP_424531.1|	32
58	MCCP01v2_0058|ID:20167701|HsdR|	gi|83319666|ref|YP_424723.1|	33
59	MCCP01v2_0059|ID:20167702|	gi|83319301|ref|YP_424631.1|	38
60	MCCP01v2_0060|ID:20167703|	gi|83319683|ref|YP_424717.1|	34
61	MCCP01v2_0061|ID:20167704|hsdS|	gi|83320020|ref|YP_424774.1|	42
62	MCCP01v2_0062|ID:20167705|HsdS|	gi|83319587|ref|YP_424304.1|	36
63	MCCP01v2_0063|ID:20167706|	gi|83319295|ref|YP_424210.1|	29
64	MCCP01v2_0064|ID:20167707|	gi|83319503|ref|YP_424772.1|	44
65	MCCP01v2_0065|ID:20167708|	gi|83319634|ref|YP_424744.1|	38
66	MCCP01v2_0066|ID:20167709|	gi|83319828|ref|YP_424016.1|	50
67	MCCP01v2_0067|ID:20167710|	gi|83319726|ref|YP_424209.1|	46
68	MCCP01v2_0068|ID:20167711|	gi|83320065|ref|YP_424300.1|	71
69	MCCP01v2_0069|ID:20167712|	gi|83319665|ref|YP_424048.1|	63
70	MCCP01v2_0070|ID:20167713|	gi|83319537|ref|YP_424184.1|	63
71	MCCP01v2_0071|ID:20167714|	gi|83319537|ref|YP_424184.1|	69
72	MCCP01v2_0072|ID:20167715|	gi|83320006|ref|YP_424049.1|	98
73	MCCP01v2_0073|ID:20167716|coaE|	gi|83320013|ref|YP_424050.1|	98
74	MCCP01v2_0074|ID:20167717|ftsJ|	gi|83319276|ref|YP_424051.1|	97
75	MCCP01v2_0075|ID:20167718|	gi|83319277|ref|YP_424052.1|	100
76	MCCP01v2_0076|ID:20167719|xseA|	gi|83319530|ref|YP_424053.1|	98
77	MCCP01v2_0077|ID:20167720|nusB|	gi|83319650|ref|YP_424054.1|	98
78	MCCP01v2_0078|ID:20167721|lpp|	gi|83319506|ref|YP_424055.1|	90
79	MCCP01v2_0079|ID:20167722|nfo|	gi|83319329|ref|YP_424056.1|	97
80	MCCP01v2_0080|ID:20167723|ribC/ribF|	gi|83320034|ref|YP_424057.1|	98
81	MCCP01v2_0081|ID:20167724|	gi|83319717|ref|YP_424058.1|	98
82	MCCP01v2_0082|ID:20167725|galU|	gi|83319439|ref|YP_424059.1|	99
83	MCCP01v2_0083|ID:20167726|rplK|	gi|83319927|ref|YP_424060.1|	99
84	MCCP01v2_0084|ID:20167727|rplA|	gi|83319637|ref|YP_424061.1|	100
85	MCCP01v2_0085|ID:20167728|rplJ|	gi|83319357|ref|YP_424062.1|	100
86	MCCP01v2_0086|ID:20167729|rplL|	gi|83319793|ref|YP_424063.1|	99
87	MCCP01v2_0087|ID:20167730|	gi|83319531|ref|YP_424064.1|	99
88	MCCP01v2_0088|ID:20167731|rpoB|	gi|83319487|ref|YP_424065.1|	100
89	MCCP01v2_0089|ID:20167732|rpoC|	gi|83319423|ref|YP_424066.1|	100
90	MCCP01v2_0090|ID:20167733|lpp|	gi|83319632|ref|YP_424067.1|	94
91	MCCP01v2_0091|ID:20167734|lpp|	gi|83319632|ref|YP_424067.1|	97
92	MCCP01v2_0092|ID:20167735|	gi|83319742|ref|YP_424068.1|	97
93	MCCP01v2_0093|ID:20167736|rpiB|	gi|83319834|ref|YP_424069.1|	97
94	MCCP01v2_0094|ID:20167737|glyA|	gi|83319931|ref|YP_424070.1|	100
95	MCCP01v2_0095|ID:20167738|upp|	gi|83319896|ref|YP_424071.1|	99
96	MCCP01v2_0096|ID:20167739|	gi|83319999|ref|YP_424072.1|	98
97	MCCP01v2_0097|ID:20167740|atpB|	gi|83319402|ref|YP_424073.1|	99
98	MCCP01v2_0098|ID:20167741|atpE|	gi|83319513|ref|YP_424074.1|	99
99	MCCP01v2_0099|ID:20167742|atpF|	gi|83319804|ref|YP_424075.1|	98
100	MCCP01v2_0100|ID:20167743|atpH|	gi|83319489|ref|YP_424076.1|	99
101	MCCP01v2_0101|ID:20167744|atpA|	gi|83319474|ref|YP_424077.1|	100
102	MCCP01v2_0102|ID:20167745|atpG|	gi|83319574|ref|YP_424078.1|	100
103	MCCP01v2_0103|ID:20167746|atpD|	gi|83319730|ref|YP_424079.1|	99
104	MCCP01v2_0104|ID:20167747|atpC|	gi|83320026|ref|YP_424080.1|	100
105	MCCP01v2_0105|ID:20167748|	gi|83319904|ref|YP_424081.1|	99
106	MCCP01v2_0106|ID:20167749|mgtA|	gi|83319358|ref|YP_424082.1|	99
107	MCCP01v2_0107|ID:20167750|	gi|83319328|ref|YP_424083.1|	93
108	MCCP01v2_0108|ID:20167751|arcA|	gi|83319656|ref|YP_424084.1|	99
109	MCCP01v2_0109|ID:20167752|arcA|	gi|83319656|ref|YP_424084.1|	98
110	MCCP01v2_0110|ID:20167753|arcB|	gi|83319698|ref|YP_424085.1|	99
111	MCCP01v2_0111|ID:20167754|arcD|	gi|83319593|ref|YP_424086.1|	99
112	MCCP01v2_0112|ID:20167755|arcD|	gi|83319593|ref|YP_424086.1|	97
113	MCCP01v2_0113|ID:20167756|arcD|	gi|83319593|ref|YP_424086.1|	98
114	MCCP01v2_0114|ID:20167757|glk|	gi|83319464|ref|YP_424393.1|	37
115	MCCP01v2_0115|ID:20167758|glk|	gi|83319464|ref|YP_424393.1|	57
116	MCCP01v2_0116|ID:20167759|	gi|83319262|ref|YP_424087.1|	98
117	MCCP01v2_0117|ID:20167760|ptsG|	gi|83319967|ref|YP_424088.1|	97
118	MCCP01v2_0118|ID:20167761|	gi|83319512|ref|YP_424089.1|	98
119	MCCP01v2_0119|ID:20167762|smpB|	gi|83319425|ref|YP_424090.1|	99
120	MCCP01v2_0120|ID:20167763|rnr|	gi|83319777|ref|YP_424091.1|	99
121	MCCP01v2_0121|ID:20167764|secG|	gi|83319671|ref|YP_424092.1|	100
122	MCCP01v2_0122|ID:20167765|nrdF|	gi|83319806|ref|YP_424093.1|	99
123	MCCP01v2_0123|ID:20167766|nrdI|	gi|83319863|ref|YP_424094.1|	99
124	MCCP01v2_0124|ID:20167767|nrdE|	gi|83319418|ref|YP_424095.1|	99
125	MCCP01v2_0125|ID:20167768|prs|	gi|83320003|ref|YP_424096.1|	99
126	MCCP01v2_0126|ID:20167769|pth|	gi|83320028|ref|YP_424097.1|	99
127	MCCP01v2_0127|ID:20167770|rplI|	gi|83319898|ref|YP_424098.1|	99
128	MCCP01v2_0128|ID:20167771|dnaC|	gi|83319407|ref|YP_424099.1|	100
129	MCCP01v2_0129|ID:20167772|lpp|	gi|83319523|ref|YP_424100.1|	97
130	MCCP01v2_0130|ID:20167773|	gi|83319622|ref|YP_424101.1|	99
131	MCCP01v2_0131|ID:20167774|cysS|	gi|83319731|ref|YP_424102.1|	98
132	MCCP01v2_0132|ID:20167775|spoU|	gi|83319473|ref|YP_424103.1|	99
133	MCCP01v2_0133|ID:20167776|rpmGB|	gi|83319914|ref|YP_424104.1|	100
134	MCCP01v2_0134|ID:20167777|secE|	gi|83320011|ref|YP_424105.1|	98
135	MCCP01v2_0135|ID:20167778|nusG|	gi|83319581|ref|YP_424106.1|	100
136	MCCP01v2_0136|ID:20167779|	gi|83319484|ref|YP_424107.1|	96
137	MCCP01v2_0137|ID:20167780|oppA|	gi|83319343|ref|YP_424108.1|	99
138	MCCP01v2_0138|ID:20167781|oppB|	gi|83319676|ref|YP_424109.1|	99
139	MCCP01v2_0139|ID:20167782|oppC|	gi|83319997|ref|YP_424110.1|	99
140	MCCP01v2_0140|ID:20167783|oppD|	gi|83319554|ref|YP_424111.1|	99
141	MCCP01v2_0141|ID:20167784|oppF|	gi|83319311|ref|YP_424112.1|	99
142	MCCP01v2_0142|ID:20167785|	gi|83319856|ref|YP_424113.1|	96
143	MCCP01v2_0143|ID:20167786|plsY|	gi|83319906|ref|YP_424114.1|	99
144	MCCP01v2_0144|ID:20167787|	gi|83319480|ref|YP_424115.1|	100
145	MCCP01v2_0145|ID:20167788|	gi|83319480|ref|YP_424115.1|	97
146	MCCP01v2_0146|ID:20167789|	gi|83319480|ref|YP_424115.1|	93
147	MCCP01v2_0147|ID:20167790|	gi|83319480|ref|YP_424115.1|	99
148	MCCP01v2_0148|ID:20167791|	gi|83319824|ref|YP_424116.1|	97
149	MCCP01v2_0149|ID:20167792|	gi|83319824|ref|YP_424116.1|	100
150	MCCP01v2_0150|ID:20167793|ilvA|	gi|83319702|ref|YP_424117.1|	99
151	MCCP01v2_0151|ID:20167794|ilvA|	gi|83319702|ref|YP_424117.1|	96
152	MCCP01v2_0152|ID:20167795|ilvA|	gi|83319702|ref|YP_424117.1|	100
153	MCCP01v2_0153|ID:20167796|	gi|83319391|ref|YP_424118.1|	99
154	MCCP01v2_0154|ID:20167797|	gi|83319514|ref|YP_424119.1|	99
155	MCCP01v2_0155|ID:20167798|nagB|	gi|162316927|ref|YP_424120.2|	98
156	MCCP01v2_0156|ID:20167799|	gi|83320032|ref|YP_424121.1|	99
157	MCCP01v2_0157|ID:20167800|gltX|	gi|83320024|ref|YP_424122.1|	99
158	MCCP01v2_0158|ID:20167801|	gi|83319529|ref|YP_424529.1|	32
159	MCCP01v2_0159|ID:20167802|rpoE|	gi|83319457|ref|YP_424123.1|	99
160	MCCP01v2_0160|ID:20167803|pyrG|	gi|83319784|ref|YP_424124.1|	100
161	MCCP01v2_0161|ID:20167804|	gi|83319923|ref|YP_424126.1|	62
162	MCCP01v2_0162|ID:20167805|	gi|83319923|ref|YP_424126.1|	92
163	MCCP01v2_0163|ID:20167806|fba|	gi|83319873|ref|YP_424127.1|	100
164	MCCP01v2_0164|ID:20167807|	gi|83319320|ref|YP_424128.1|	98
165	MCCP01v2_0165|ID:20167808|	gi|83319320|ref|YP_424128.1|	98
166	MCCP01v2_0166|ID:20167809|	gi|83319449|ref|YP_424129.1|	98
167	MCCP01v2_0167|ID:20167810|glpQ|	gi|83319738|ref|YP_424130.1|	100
168	MCCP01v2_0168|ID:20167811|rpmE|	gi|83319835|ref|YP_424131.1|	99
169	MCCP01v2_0169|ID:20167812|	gi|83319848|ref|YP_424132.1|	99
170	MCCP01v2_0170|ID:20167813|dhh|	gi|83319541|ref|YP_424133.1|	99
171	MCCP01v2_0171|ID:20167814|tdk|	gi|83319659|ref|YP_424134.1|	100
172	MCCP01v2_0172|ID:20167815|prfA|	gi|83319336|ref|YP_424135.1|	100
173	MCCP01v2_0173|ID:20167816|prmC|	gi|83319283|ref|YP_424136.1|	99
174	MCCP01v2_0174|ID:20167817|	gi|83319538|ref|YP_424137.1|	98
175	MCCP01v2_0175|ID:20167818|	gi|83319443|ref|YP_424138.1|	98
176	MCCP01v2_0176|ID:20167819|	gi|83319267|ref|YP_424139.1|	100
177	MCCP01v2_0177|ID:20167820|	gi|83320063|ref|YP_424140.1|	98
178	MCCP01v2_0178|ID:20167821|cls|	gi|83319330|ref|YP_424141.1|	99
179	MCCP01v2_0179|ID:20167822|rpsL|	gi|162316928|ref|YP_424142.2|	99
180	MCCP01v2_0180|ID:20167823|rpsG|	gi|83319930|ref|YP_424143.1|	100
181	MCCP01v2_0181|ID:20167824|fusA|	gi|83319565|ref|YP_424144.1|	99
182	MCCP01v2_0182|ID:20167825|tufA|	gi|83319675|ref|YP_424145.1|	100
183	MCCP01v2_0183|ID:20167826|	gi|83319654|ref|YP_424146.1|	96
184	MCCP01v2_0184|ID:20167827|	gi|83319654|ref|YP_424146.1|	98
185	MCCP01v2_0185|ID:20167828|	gi|83320029|ref|YP_424147.1|	96
186	MCCP01v2_0186|ID:20167829|pepA|	gi|83319471|ref|YP_424148.1|	100
187	MCCP01v2_0187|ID:20167830|lppC|	gi|83319591|ref|YP_424664.1|	46
188	MCCP01v2_0188|ID:20167831|alaS|	gi|83319899|ref|YP_424149.1|	98
189	MCCP01v2_0189|ID:20167832|	gi|83319810|ref|YP_424150.1|	99
190	MCCP01v2_0190|ID:20167833|	gi|83319640|ref|YP_424458.1|	35
191	MCCP01v2_0191|ID:20167834|	gi|83319342|ref|YP_424151.1|	99
192	MCCP01v2_0192|ID:20167835|	gi|83320012|ref|YP_424152.1|	100
193	MCCP01v2_0193|ID:20167836|	gi|83319727|ref|YP_424153.1|	98
194	MCCP01v2_0194|ID:20167837|	gi|83319578|ref|YP_424154.1|	99
195	MCCP01v2_0195|ID:20167838|	gi|83319441|ref|YP_424155.1|	91
196	MCCP01v2_0196|ID:20167839|	gi|83319421|ref|YP_424199.1|	45
197	MCCP01v2_0197|ID:20167840|	gi|83319629|ref|YP_424175.1|	39
198	MCCP01v2_0198|ID:20167841|	gi|83319537|ref|YP_424184.1|	57
199	MCCP01v2_0199|ID:20167842|	gi|83319537|ref|YP_424184.1|	53
200	MCCP01v2_0200|ID:20167843|	gi|83319627|ref|YP_424692.1|	27
201	MCCP01v2_0201|ID:20167844|lpp|	gi|83319296|ref|YP_424031.1|	37
202	MCCP01v2_0202|ID:20167845|mdxD|	gi|83319866|ref|YP_424179.1|	23
203	MCCP01v2_0203|ID:20167846|	gi|83319866|ref|YP_424179.1|	35
204	MCCP01v2_0204|ID:20167847|	gi|83319866|ref|YP_424179.1|	27
205	MCCP01v2_0205|ID:20167848|	gi|83319946|ref|YP_424477.1|	50
206	MCCP01v2_0206|ID:20167849|	gi|83319937|ref|YP_424597.1|	44
207	MCCP01v2_0207|ID:20167850|	gi|83319602|ref|YP_424257.1|	35
208	MCCP01v2_0208|ID:20167851|	gi|83319281|ref|YP_424806.1|	34
209	MCCP01v2_0209|ID:20167852|	gi|83320057|ref|YP_424167.1|	33
210	MCCP01v2_0210|ID:20167853|	gi|83319923|ref|YP_424126.1|	33
211	MCCP01v2_0211|ID:20167854|	gi|83319645|ref|YP_424183.1|	35
212	MCCP01v2_0212|ID:20167855|	gi|83319473|ref|YP_424103.1|	34
213	MCCP01v2_0213|ID:20167856|	gi|83319667|ref|YP_424187.1|	29
214	MCCP01v2_0214|ID:20167857|	gi|83319620|ref|YP_424557.1|	35
215	MCCP01v2_0215|ID:20167858|	gi|83319496|ref|YP_424440.1|	29
216	MCCP01v2_0216|ID:20167859|	gi|83319956|ref|YP_424333.1|	29
217	MCCP01v2_0217|ID:20167860|	gi|83319667|ref|YP_424187.1|	22
218	MCCP01v2_0218|ID:20167861|	gi|83319699|ref|YP_424177.1|	95
219	MCCP01v2_0219|ID:20167862|	gi|83319699|ref|YP_424177.1|	99
220	MCCP01v2_0220|ID:20167863|mdxK|	gi|83320019|ref|YP_424178.1|	93
221	MCCP01v2_0221|ID:20167864|mdxK|	gi|83320019|ref|YP_424178.1|	95
222	MCCP01v2_0222|ID:20167865|mdxL|	gi|83319866|ref|YP_424179.1|	97
223	MCCP01v2_0223|ID:20167866|	gi|83319991|ref|YP_424180.1|	100
224	MCCP01v2_0224|ID:20167867|	gi|83319991|ref|YP_424180.1|	98
225	MCCP01v2_0225|ID:20167868|pepF|	gi|83319855|ref|YP_424181.1|	97
226	MCCP01v2_0226|ID:20167869|	gi|83319720|ref|YP_424182.1|	98
227	MCCP01v2_0227|ID:20167870|pepA|	gi|83319645|ref|YP_424183.1|	95
228	MCCP01v2_0228|ID:20167871|	gi|83319537|ref|YP_424184.1|	99
229	MCCP01v2_0229|ID:20167872|	gi|83319604|ref|YP_424185.1|	98
230	MCCP01v2_0230|ID:20167873|	gi|83320041|ref|YP_424186.1|	99
231	MCCP01v2_0231|ID:20167874|	gi|83319950|ref|YP_424775.1|	41
232	MCCP01v2_0232|ID:20167875|	gi|83319837|ref|YP_424558.1|	43
233	MCCP01v2_0233|ID:20167876|	gi|83319924|ref|YP_424540.1|	99
234	MCCP01v2_0234|ID:20167877|	gi|83319924|ref|YP_424540.1|	96
235	MCCP01v2_0235|ID:20167878|	gi|83319850|ref|YP_424539.1|	100
236	MCCP01v2_0236|ID:20167879|	gi|83320043|ref|YP_424538.1|	98
237	MCCP01v2_0237|ID:20167880|	gi|83319534|ref|YP_424537.1|	98
238	MCCP01v2_0238|ID:20167881|	gi|83319534|ref|YP_424537.1|	80
239	MCCP01v2_0239|ID:20167882|	gi|83319534|ref|YP_424537.1|	74
240	MCCP01v2_0240|ID:20167883|	gi|83319635|ref|YP_424536.1|	96
241	MCCP01v2_0241|ID:20167884|	gi|83319635|ref|YP_424536.1|	82
242	MCCP01v2_0242|ID:20167885|	gi|83319718|ref|YP_424535.1|	93
243	MCCP01v2_0243|ID:20167886|	gi|83319829|ref|YP_424534.1|	97
244	MCCP01v2_0244|ID:20167887|	gi|83319829|ref|YP_424534.1|	96
245	MCCP01v2_0245|ID:20167888|	gi|83319294|ref|YP_424533.1|	96
246	MCCP01v2_0246|ID:20167889|	gi|83319294|ref|YP_424533.1|	96
247	MCCP01v2_0247|ID:20167890|	gi|83319885|ref|YP_424531.1|	98
248	MCCP01v2_0248|ID:20167891|lpp|	gi|83320007|ref|YP_424530.1|	95
249	MCCP01v2_0249|ID:20167892|	gi|83319529|ref|YP_424529.1|	97
250	MCCP01v2_0250|ID:20167893|	gi|83320007|ref|YP_424530.1|	29
251	MCCP01v2_0251|ID:20167894|potCD|	gi|83319667|ref|YP_424187.1|	92
252	MCCP01v2_0252|ID:20167895|potB|	gi|83319963|ref|YP_424188.1|	99
253	MCCP01v2_0253|ID:20167896|potA|	gi|83319839|ref|YP_424189.1|	100
254	MCCP01v2_0254|ID:20167897|rplT|	gi|83319552|ref|YP_424190.1|	100
255	MCCP01v2_0255|ID:20167898|rpmI|	gi|83319631|ref|YP_424191.1|	100
256	MCCP01v2_0256|ID:20167899|infC|	gi|83319316|ref|YP_424192.1|	99
257	MCCP01v2_0257|ID:20167900|def|	gi|83319871|ref|YP_424193.1|	98
258	MCCP01v2_0258|ID:20167901|	gi|83319982|ref|YP_424194.1|	97
259	MCCP01v2_0259|ID:20167902|gmk|	gi|83320000|ref|YP_424195.1|	99
260	MCCP01v2_0260|ID:20167903|sun|	gi|83319809|ref|YP_424196.1|	97
261	MCCP01v2_0261|ID:20167904|dcm|	gi|83319910|ref|YP_424322.1|	24
262	MCCP01v2_0262|ID:20167905|sau96I-like|	gi|83320054|ref|YP_424496.1|	32
263	MCCP01v2_0263|ID:20167906|bipA|	gi|83319795|ref|YP_424197.1|	99
264	MCCP01v2_0264|ID:20167907|lpp|	gi|83320016|ref|YP_424198.1|	61
265	MCCP01v2_0265|ID:20167908|lpp|	gi|83319421|ref|YP_424199.1|	59
266	MCCP01v2_0266|ID:20167909|lpp|	gi|83320016|ref|YP_424198.1|	58
267	MCCP01v2_0267|ID:20167910|lpp|	gi|83319421|ref|YP_424199.1|	74
268	MCCP01v2_0268|ID:20167911|eno|	gi|83319528|ref|YP_424200.1|	99
269	MCCP01v2_0269|ID:20167912|	gi|83319575|ref|YP_424201.1|	98
270	MCCP01v2_0270|ID:20167913|	gi|83319719|ref|YP_424202.1|	99
271	MCCP01v2_0271|ID:20167914|hprT|	gi|83319716|ref|YP_424203.1|	99
272	MCCP01v2_0272|ID:20167915|glpF|	gi|83319518|ref|YP_424204.1|	98
273	MCCP01v2_0273|ID:20167916|glpK|	gi|83319894|ref|YP_424205.1|	99
274	MCCP01v2_0274|ID:20167917|	gi|83319339|ref|YP_424206.1|	98
275	MCCP01v2_0275|ID:20167918|pfkA|	gi|83319678|ref|YP_424207.1|	99
276	MCCP01v2_0276|ID:20167919|pyk|	gi|83319452|ref|YP_424208.1|	99
277	MCCP01v2_0277|ID:20167920|pyk|	gi|83319452|ref|YP_424208.1|	100
278	MCCP01v2_0278|ID:20167921|thrS|	gi|83319726|ref|YP_424209.1|	99
279	MCCP01v2_0279|ID:20167922|nox|	gi|83319295|ref|YP_424210.1|	99
280	MCCP01v2_0280|ID:20167923|lpla|	gi|83319395|ref|YP_424211.1|	99
281	MCCP01v2_0281|ID:20167924|pdhA|	gi|83319466|ref|YP_424212.1|	99
282	MCCP01v2_0282|ID:20167925|pdhB|	gi|83319905|ref|YP_424213.1|	99
283	MCCP01v2_0283|ID:20167926|pdhC|	gi|83319741|ref|YP_424214.1|	99
284	MCCP01v2_0284|ID:20167927|dldh|	gi|83319618|ref|YP_424215.1|	94
285	MCCP01v2_0285|ID:20167928|pta|	gi|83319483|ref|YP_424216.1|	99
286	MCCP01v2_0286|ID:20167929|ackA|	gi|83319412|ref|YP_424217.1|	99
287	MCCP01v2_0287|ID:20167930|lpp|	gi|83319472|ref|YP_424218.1|	95
288	MCCP01v2_0288|ID:20167931|lpp|	gi|83319472|ref|YP_424218.1|	95
289	MCCP01v2_0289|ID:20167932|coaD|	gi|83319935|ref|YP_424219.1|	100
290	MCCP01v2_0290|ID:20167933|ptsP|	gi|83319559|ref|YP_424220.1|	98
291	MCCP01v2_0291|ID:20167934|crr|	gi|83319491|ref|YP_424221.1|	99
292	MCCP01v2_0292|ID:20167935|dhaL|	gi|83319954|ref|YP_424222.1|	97
293	MCCP01v2_0293|ID:20167936|dhaM|	gi|83319970|ref|YP_424223.1|	99
294	MCCP01v2_0294|ID:20167937|rpsD|	gi|83319988|ref|YP_424224.1|	99
295	MCCP01v2_0295|ID:20167938|	gi|83319932|ref|YP_424225.1|	98
296	MCCP01v2_0296|ID:20167939|thiI|	gi|83319792|ref|YP_424226.1|	98
297	MCCP01v2_0297|ID:20167940|	gi|83319648|ref|YP_424227.1|	99
298	MCCP01v2_0298|ID:20167941|	gi|83319568|ref|YP_424228.1|	97
299	MCCP01v2_0299|ID:20167942|	gi|83319400|ref|YP_424229.1|	91
300	MCCP01v2_0300|ID:20167943|lpp|	gi|83319400|ref|YP_424229.1|	71
301	MCCP01v2_0301|ID:20167944|lpp|	gi|83319400|ref|YP_424229.1|	66
302	MCCP01v2_0302|ID:20167945|lpp|	gi|83319400|ref|YP_424229.1|	98
303	MCCP01v2_0303|ID:20167946|pts|	gi|83319353|ref|YP_424230.1|	100
304	MCCP01v2_0304|ID:20167947|pts|	gi|83319353|ref|YP_424230.1|	99
305	MCCP01v2_0305|ID:20167948|	gi|83319459|ref|YP_424231.1|	99
306	MCCP01v2_0306|ID:20167949|engB|	gi|83319725|ref|YP_424232.1|	97
307	MCCP01v2_0307|ID:20167950|	gi|83319833|ref|YP_424233.1|	98
308	MCCP01v2_0308|ID:20167951|	gi|83319789|ref|YP_424234.1|	98
309	MCCP01v2_0309|ID:20167952|	gi|83319864|ref|YP_424235.1|	98
310	MCCP01v2_0310|ID:20167953|	gi|83319305|ref|YP_424236.1|	98
311	MCCP01v2_0311|ID:20167954|	gi|83319566|ref|YP_424237.1|	100
312	MCCP01v2_0312|ID:20167955|greA|	gi|83319925|ref|YP_424238.1|	98
313	MCCP01v2_0313|ID:20167956|uvrC|	gi|83319764|ref|YP_424239.1|	99
314	MCCP01v2_0314|ID:20167957|	gi|83319704|ref|YP_424240.1|	98
315	MCCP01v2_0315|ID:20167958|	gi|83319362|ref|YP_424618.1|	22
316	MCCP01v2_0316|ID:20167959|	gi|83319441|ref|YP_424155.1|	27
317	MCCP01v2_0317|ID:20167960|	gi|83319270|ref|YP_424241.1|	100
318	MCCP01v2_0318|ID:20167961|	gi|83319377|ref|YP_424242.1|	98
319	MCCP01v2_0319|ID:20167962|	gi|83319377|ref|YP_424242.1|	96
320	MCCP01v2_0320|ID:20167963|ppnK|	gi|83319993|ref|YP_424243.1|	99
321	MCCP01v2_0321|ID:20167964|valS|	gi|83319485|ref|YP_424244.1|	99
322	MCCP01v2_0322|ID:20167965|	gi|83319828|ref|YP_424016.1|	58
323	MCCP01v2_0323|ID:20167966|thiN|	gi|83319805|ref|YP_424245.1|	98
324	MCCP01v2_0324|ID:20167967|rpe|	gi|83319580|ref|YP_424246.1|	100
325	MCCP01v2_0325|ID:20167968|rsgA|	gi|83319551|ref|YP_424247.1|	99
326	MCCP01v2_0326|ID:20167969|	gi|83319436|ref|YP_424248.1|	99
327	MCCP01v2_0327|ID:20167970|	gi|83320005|ref|YP_424250.1|	98
328	MCCP01v2_0328|ID:20167971|	gi|83319751|ref|YP_424251.1|	96
329	MCCP01v2_0329|ID:20167972|ssb|	gi|83319323|ref|YP_424023.1|	35
330	MCCP01v2_0330|ID:20167973|	gi|83319485|ref|YP_424244.1|	33
331	MCCP01v2_0331|ID:20167974|	gi|83319630|ref|YP_424264.1|	35
332	MCCP01v2_0332|ID:20167975|	gi|83319701|ref|YP_424263.1|	83
333	MCCP01v2_0333|ID:20167976|	gi|83319630|ref|YP_424264.1|	72
334	MCCP01v2_0334|ID:20167977|	gi|83319365|ref|YP_424047.1|	50
335	MCCP01v2_0335|ID:20167978|	gi|83319652|ref|YP_424510.1|	51
336	MCCP01v2_0336|ID:20167979|	gi|83319821|ref|YP_424173.1|	78
337	MCCP01v2_0337|ID:20167980|	gi|83319562|ref|YP_424269.1|	74
338	MCCP01v2_0338|ID:20167981|	gi|83319371|ref|YP_424270.1|	87
339	MCCP01v2_0339|ID:20167982|	gi|83319257|ref|YP_424271.1|	61
340	MCCP01v2_0340|ID:20167983|	gi|83319367|ref|YP_424272.1|	98
341	MCCP01v2_0341|ID:20167984|	gi|83319367|ref|YP_424272.1|	88
342	MCCP01v2_0342|ID:20167985|	gi|83319740|ref|YP_424275.1|	67
343	MCCP01v2_0343|ID:20167986|	gi|83319855|ref|YP_424181.1|	38
344	MCCP01v2_0344|ID:20167987|	gi|83319818|ref|YP_424288.1|	67
345	MCCP01v2_0345|ID:20167988|	gi|83319733|ref|YP_424280.1|	93
346	MCCP01v2_0346|ID:20167989|	gi|83319820|ref|YP_424281.1|	98
347	MCCP01v2_0347|ID:20167990|	gi|83319791|ref|YP_424276.1|	85
348	MCCP01v2_0348|ID:20167991|	gi|83319321|ref|YP_424277.1|	87
349	MCCP01v2_0349|ID:20167992|	gi|83319628|ref|YP_424296.1|	94
350	MCCP01v2_0350|ID:20167993|	gi|83319585|ref|YP_424282.1|	84
351	MCCP01v2_0351|ID:20167994|	gi|83319273|ref|YP_424283.1|	94
352	MCCP01v2_0352|ID:20167995|	gi|83319408|ref|YP_424279.1|	67
353	MCCP01v2_0353|ID:20167996|	gi|83319467|ref|YP_424035.1|	43
354	MCCP01v2_0354|ID:20167997|	gi|83319270|ref|YP_424241.1|	25
355	MCCP01v2_0355|ID:20167998|	gi|83319385|ref|YP_424608.1|	21
356	MCCP01v2_0356|ID:20167999|	gi|83319497|ref|YP_424417.1|	53
357	MCCP01v2_0357|ID:20168000|	gi|83319291|ref|YP_424809.1|	38
358	MCCP01v2_0358|ID:20168001|dnaB|	gi|83319407|ref|YP_424099.1|	51
359	MCCP01v2_0359|ID:20168002|	gi|83319865|ref|YP_424285.1|	92
360	MCCP01v2_0360|ID:20168003|	gi|83319865|ref|YP_424285.1|	98
361	MCCP01v2_0361|ID:20168004|	gi|83319865|ref|YP_424285.1|	71
362	MCCP01v2_0362|ID:20168005|	gi|83319679|ref|YP_424466.1|	97
363	MCCP01v2_0363|ID:20168006|	gi|83320022|ref|YP_424749.1|	37
364	MCCP01v2_0364|ID:20168007|	gi|83319629|ref|YP_424175.1|	29
365	MCCP01v2_0365|ID:20168008|	gi|83319712|ref|YP_424287.1|	92
366	MCCP01v2_0366|ID:20168009|	gi|83319712|ref|YP_424287.1|	78
367	MCCP01v2_0367|ID:20168010|	gi|83319712|ref|YP_424287.1|	72
368	MCCP01v2_0368|ID:20168011|	gi|83319509|ref|YP_424005.1|	39
369	MCCP01v2_0369|ID:20168012|	gi|83319284|ref|YP_424709.1|	35
370	MCCP01v2_0370|ID:20168013|	gi|83319515|ref|YP_424289.1|	42
371	MCCP01v2_0371|ID:20168014|	gi|83319337|ref|YP_424290.1|	39
372	MCCP01v2_0372|ID:20168015|	gi|83319337|ref|YP_424290.1|	52
373	MCCP01v2_0373|ID:20168016|	gi|83319337|ref|YP_424290.1|	59
374	MCCP01v2_0374|ID:20168017|	gi|83319751|ref|YP_424251.1|	96
375	MCCP01v2_0375|ID:20168018|	gi|83320050|ref|YP_424252.1|	99
376	MCCP01v2_0376|ID:20168019|	gi|83319754|ref|YP_424253.1|	98
377	MCCP01v2_0377|ID:20168020|lpp|	gi|83319816|ref|YP_424254.1|	82
378	MCCP01v2_0378|ID:20168021|lpp|	gi|83319539|ref|YP_424719.1|	81
379	MCCP01v2_0379|ID:20168022|lpp|	gi|83319470|ref|YP_424255.1|	80
380	MCCP01v2_0380|ID:20168023|	gi|83319606|ref|YP_424256.1|	98
381	MCCP01v2_0381|ID:20168024|	gi|83319606|ref|YP_424256.1|	95
382	MCCP01v2_0382|ID:20168025|	gi|83319606|ref|YP_424256.1|	90
383	MCCP01v2_0383|ID:20168026|	gi|83319606|ref|YP_424256.1|	97
384	MCCP01v2_0384|ID:20168027|	gi|83319602|ref|YP_424257.1|	93
385	MCCP01v2_0385|ID:20168028|	gi|83319602|ref|YP_424257.1|	96
386	MCCP01v2_0386|ID:20168029|lpp|	gi|83320048|ref|YP_424258.1|	85
387	MCCP01v2_0387|ID:20168030|lpp|	gi|83320048|ref|YP_424258.1|	78
388	MCCP01v2_0388|ID:20168031|lpp|	gi|83320023|ref|YP_424259.1|	83
389	MCCP01v2_0389|ID:20168032|	gi|83319763|ref|YP_424302.1|	99
390	MCCP01v2_0390|ID:20168033|proS|	gi|162316930|ref|YP_424303.2|	99
391	MCCP01v2_0391|ID:20168034|	gi|83319587|ref|YP_424304.1|	100
392	MCCP01v2_0392|ID:20168035|	gi|83319424|ref|YP_424305.1|	99
393	MCCP01v2_0393|ID:20168036|lepA|	gi|83319434|ref|YP_424306.1|	99
394	MCCP01v2_0394|ID:20168037|	gi|83319589|ref|YP_424307.1|	99
395	MCCP01v2_0395|ID:20168038|aspS|	gi|83319674|ref|YP_424308.1|	99
396	MCCP01v2_0396|ID:20168039|hisS|	gi|83319312|ref|YP_424309.1|	99
397	MCCP01v2_0397|ID:20168040|rbfA|	gi|83319338|ref|YP_424310.1|	99
398	MCCP01v2_0398|ID:20168041|truB|	gi|83319374|ref|YP_424311.1|	97
399	MCCP01v2_0399|ID:20168042|	gi|83319941|ref|YP_424312.1|	99
400	MCCP01v2_0400|ID:20168043|	gi|83319972|ref|YP_424313.1|	86
401	MCCP01v2_0401|ID:20168044|	gi|83319670|ref|YP_424314.1|	97
402	MCCP01v2_0402|ID:20168045|rpsO|	gi|83319798|ref|YP_424315.1|	99
403	MCCP01v2_0403|ID:20168046|	gi|83319456|ref|YP_424316.1|	98
404	MCCP01v2_0404|ID:20168047|infB|	gi|83319583|ref|YP_424317.1|	100
405	MCCP01v2_0405|ID:20168048|	gi|83319415|ref|YP_424318.1|	100
406	MCCP01v2_0406|ID:20168049|ylxR|	gi|83319398|ref|YP_424319.1|	99
407	MCCP01v2_0407|ID:20168050|nusA|	gi|83319641|ref|YP_424320.1|	98
408	MCCP01v2_0408|ID:20168051|rimP|	gi|83319689|ref|YP_424321.1|	99
409	MCCP01v2_0409|ID:20168052|	gi|83319910|ref|YP_424322.1|	98
410	MCCP01v2_0410|ID:20168053|polC|	gi|83319984|ref|YP_424323.1|	99
411	MCCP01v2_0411|ID:20168054|cdsA|	gi|83319347|ref|YP_424324.1|	99
413	MCCP01v2_0413|ID:20168056|	gi|83319612|ref|YP_424325.1|	99
414	MCCP01v2_0414|ID:20168057|trpS|	gi|83319724|ref|YP_424326.1|	99
415	MCCP01v2_0415|ID:20168058|	gi|83319766|ref|YP_424327.1|	99
416	MCCP01v2_0416|ID:20168059|	gi|83320036|ref|YP_424291.1|	98
417	MCCP01v2_0417|ID:20168060|	gi|83320036|ref|YP_424291.1|	74
418	MCCP01v2_0418|ID:20168061|	gi|83319337|ref|YP_424290.1|	87
419	MCCP01v2_0419|ID:20168062|	gi|83319337|ref|YP_424290.1|	98
420	MCCP01v2_0420|ID:20168063|	gi|83319515|ref|YP_424289.1|	97
421	MCCP01v2_0421|ID:20168064|	gi|83319882|ref|YP_424286.1|	76
422	MCCP01v2_0422|ID:20168065|	gi|83319818|ref|YP_424288.1|	85
423	MCCP01v2_0423|ID:20168066|	gi|83319886|ref|YP_424328.1|	95
424	MCCP01v2_0424|ID:20168067|	gi|83319886|ref|YP_424328.1|	89
425	MCCP01v2_0425|ID:20168068|	gi|83319546|ref|YP_424331.1|	55
426	MCCP01v2_0426|ID:20168069|lpp|	gi|83319681|ref|YP_424334.1|	41
427	MCCP01v2_0427|ID:20168070|	gi|83319626|ref|YP_424332.1|	63
428	MCCP01v2_0428|ID:20168071|	gi|83319730|ref|YP_424079.1|	29
429	MCCP01v2_0429|ID:20168072|llaDCHIA|	gi|83319264|ref|YP_424046.1|	28
430	MCCP01v2_0430|ID:20168073|	gi|83320046|ref|YP_424329.1|	48
431	MCCP01v2_0431|ID:20168074|	gi|83319546|ref|YP_424331.1|	62
432	MCCP01v2_0432|ID:20168075|lpp|	gi|83319949|ref|YP_424336.1|	47
433	MCCP01v2_0433|ID:20168076|	gi|83319956|ref|YP_424333.1|	55
434	MCCP01v2_0434|ID:20168077|lpp|	gi|83319681|ref|YP_424334.1|	48
435	MCCP01v2_0435|ID:20168078|	gi|83319499|ref|YP_424337.1|	47
436	MCCP01v2_0436|ID:20168079|	gi|83319918|ref|YP_424338.1|	58
437	MCCP01v2_0437|ID:20168080|	gi|83319680|ref|YP_424339.1|	63
438	MCCP01v2_0438|ID:20168081|	gi|83319308|ref|YP_424340.1|	52
439	MCCP01v2_0439|ID:20168082|	gi|83319895|ref|YP_424341.1|	42
440	MCCP01v2_0440|ID:20168083|atpA|	gi|83319286|ref|YP_424342.1|	82
441	MCCP01v2_0441|ID:20168084|atpD|	gi|83319416|ref|YP_424343.1|	100
442	MCCP01v2_0442|ID:20168085|	gi|83319350|ref|YP_424344.1|	94
443	MCCP01v2_0443|ID:20168086|lpp|	gi|83319350|ref|YP_424344.1|	92
444	MCCP01v2_0444|ID:20168087|lpp|	gi|83319350|ref|YP_424344.1|	97
445	MCCP01v2_0445|ID:20168088|lpp|	gi|83319607|ref|YP_424345.1|	92
446	MCCP01v2_0446|ID:20168089|lpp|	gi|83319780|ref|YP_424346.1|	83
447	MCCP01v2_0447|ID:20168090|rdgB|	gi|83319285|ref|YP_424347.1|	97
448	MCCP01v2_0448|ID:20168091|	gi|83319378|ref|YP_424348.1|	100
449	MCCP01v2_0449|ID:20168092|	gi|83319438|ref|YP_424349.1|	99
450	MCCP01v2_0450|ID:20168093|clpB|	gi|83319920|ref|YP_424350.1|	99
451	MCCP01v2_0451|ID:20168094|hrcA|	gi|83319975|ref|YP_424351.1|	100
452	MCCP01v2_0452|ID:20168095|grpE|	gi|83319669|ref|YP_424352.1|	99
453	MCCP01v2_0453|ID:20168096|dnaK|	gi|83319686|ref|YP_424353.1|	100
454	MCCP01v2_0454|ID:20168097|dnaJ|	gi|83319522|ref|YP_424354.1|	98
455	MCCP01v2_0455|ID:20168098|rpsB|	gi|83319465|ref|YP_424355.1|	99
456	MCCP01v2_0456|ID:20168099|tsf|	gi|83319962|ref|YP_424356.1|	98
457	MCCP01v2_0457|ID:20168100|	gi|83319256|ref|YP_424357.1|	97
458	MCCP01v2_0458|ID:20168101|pyrH|	gi|83319388|ref|YP_424358.1|	100
459	MCCP01v2_0459|ID:20168102|frr|	gi|83319658|ref|YP_424359.1|	99
460	MCCP01v2_0460|ID:20168103|argS|	gi|83319739|ref|YP_424360.1|	99
463	MCCP01v2_0463|ID:20168106|	gi|83319964|ref|YP_424361.1|	98
464	MCCP01v2_0464|ID:20168107|	gi|83319969|ref|YP_424362.1|	98
465	MCCP01v2_0465|ID:20168108|pheS|	gi|83319370|ref|YP_424363.1|	99
466	MCCP01v2_0466|ID:20168109|pheT|	gi|83319488|ref|YP_424364.1|	98
467	MCCP01v2_0467|ID:20168110|	gi|83319758|ref|YP_424365.1|	99
468	MCCP01v2_0468|ID:20168111|rpmF|	gi|83319397|ref|YP_424366.1|	100
469	MCCP01v2_0469|ID:20168112|mraZ|	gi|83319903|ref|YP_424367.1|	100
470	MCCP01v2_0470|ID:20168113|rsmH|	gi|83319603|ref|YP_424368.1|	98
471	MCCP01v2_0471|ID:20168114|	gi|83319280|ref|YP_424369.1|	98
472	MCCP01v2_0472|ID:20168115|	gi|83319280|ref|YP_424369.1|	93
473	MCCP01v2_0473|ID:20168116|	gi|83319280|ref|YP_424369.1|	98
474	MCCP01v2_0474|ID:20168117|ftsZ|	gi|83319750|ref|YP_424370.1|	99
475	MCCP01v2_0475|ID:20168118|sepF|	gi|83319461|ref|YP_424371.1|	99
476	MCCP01v2_0476|ID:20168119|	gi|83319292|ref|YP_424372.1|	99
477	MCCP01v2_0477|ID:20168120|ileS|	gi|83319396|ref|YP_424373.1|	99
478	MCCP01v2_0478|ID:20168121|lspA|	gi|83319849|ref|YP_424374.1|	99
479	MCCP01v2_0479|ID:20168122|rluD|	gi|83319260|ref|YP_424375.1|	92
480	MCCP01v2_0480|ID:20168123|	gi|83319827|ref|YP_424376.1|	95
481	MCCP01v2_0481|ID:20168124|dctD|	gi|83319549|ref|YP_424377.1|	99
482	MCCP01v2_0482|ID:20168125|	gi|83319976|ref|YP_424378.1|	92
483	MCCP01v2_0483|ID:20168126|	gi|83319851|ref|YP_424379.1|	54
484	MCCP01v2_0484|ID:20168127|	gi|83319851|ref|YP_424379.1|	85
485	MCCP01v2_0485|ID:20168128|acpS|	gi|83319324|ref|YP_424380.1|	94
486	MCCP01v2_0486|ID:20168129|	gi|83320014|ref|YP_424381.1|	96
487	MCCP01v2_0487|ID:20168130|plsC|	gi|83319707|ref|YP_424382.1|	99
488	MCCP01v2_0488|ID:20168131|	gi|83319633|ref|YP_424383.1|	97
489	MCCP01v2_0489|ID:20168132|lpp|	gi|83319936|ref|YP_424384.1|	97
490	MCCP01v2_0490|ID:20168133|rpmG|	gi|83319914|ref|YP_424104.1|	35
491	MCCP01v2_0491|ID:20168134|rsmI|	gi|83319469|ref|YP_424385.1|	98
492	MCCP01v2_0492|ID:20168135|	gi|83319657|ref|YP_424386.1|	98
493	MCCP01v2_0493|ID:20168136|rplU|	gi|83319974|ref|YP_424387.1|	98
494	MCCP01v2_0494|ID:20168137|	gi|83320038|ref|YP_424388.1|	100
495	MCCP01v2_0495|ID:20168138|rpmA|	gi|83319594|ref|YP_424389.1|	97
496	MCCP01v2_0496|ID:20168139|nanA|	gi|83319454|ref|YP_424390.1|	99
497	MCCP01v2_0497|ID:20168140|	gi|83319608|ref|YP_424391.1|	100
498	MCCP01v2_0498|ID:20168141|	gi|83319608|ref|YP_424391.1|	99
499	MCCP01v2_0499|ID:20168142|	gi|83319608|ref|YP_424391.1|	100
500	MCCP01v2_0500|ID:20168143|	gi|83319313|ref|YP_424392.1|	99
501	MCCP01v2_0501|ID:20168144|	gi|83319464|ref|YP_424393.1|	99
502	MCCP01v2_0502|ID:20168145|nanE|	gi|83319759|ref|YP_424394.1|	100
503	MCCP01v2_0503|ID:20168146|pepV|	gi|83319943|ref|YP_424395.1|	99
504	MCCP01v2_0504|ID:20168147|	gi|83319980|ref|YP_424396.1|	100
505	MCCP01v2_0505|ID:20168148|udk|	gi|83319803|ref|YP_424397.1|	99
506	MCCP01v2_0506|ID:20168149|dinB|	gi|83319646|ref|YP_424398.1|	97
507	MCCP01v2_0507|ID:20168150|dinB|	gi|83319646|ref|YP_424398.1|	98
508	MCCP01v2_0508|ID:20168151|	gi|83319349|ref|YP_424399.1|	98
509	MCCP01v2_0509|ID:20168152|sbcC|	gi|83319427|ref|YP_424401.1|	99
510	MCCP01v2_0510|ID:20168153|pdhD|	gi|83319314|ref|YP_424402.1|	98
511	MCCP01v2_0511|ID:20168154|ruvB|	gi|83319965|ref|YP_424487.1|	33
512	MCCP01v2_0512|ID:20168155|ruvA|	gi|83319351|ref|YP_424403.1|	98
513	MCCP01v2_0513|ID:20168156|rpsU|	gi|162316929|ref|YP_424404.2|	100
514	MCCP01v2_0514|ID:20168157|	gi|83319990|ref|YP_424406.1|	51
515	MCCP01v2_0515|ID:20168158|	gi|83319364|ref|YP_424405.1|	71
516	MCCP01v2_0516|ID:20168159|	gi|83319364|ref|YP_424405.1|	96
517	MCCP01v2_0517|ID:20168160|	gi|83319364|ref|YP_424405.1|	96
518	MCCP01v2_0518|ID:20168161|	gi|83319990|ref|YP_424406.1|	48
519	MCCP01v2_0519|ID:20168162|	gi|83319690|ref|YP_424408.1|	96
520	MCCP01v2_0520|ID:20168163|	gi|83320040|ref|YP_424409.1|	98
521	MCCP01v2_0521|ID:20168164|	gi|83319494|ref|YP_424410.1|	98
522	MCCP01v2_0522|ID:20168165|	gi|83319776|ref|YP_424411.1|	97
523	MCCP01v2_0523|ID:20168166|nagA|	gi|83319687|ref|YP_424412.1|	98
524	MCCP01v2_0524|ID:20168167|ldh|	gi|83319961|ref|YP_424413.1|	99
525	MCCP01v2_0525|ID:20168168|	gi|83319953|ref|YP_424418.1|	79
526	MCCP01v2_0526|ID:20168169|	gi|83319953|ref|YP_424418.1|	64
527	MCCP01v2_0527|ID:20168170|lip|	gi|83320055|ref|YP_424419.1|	97
528	MCCP01v2_0528|ID:20168171|lip|	gi|83319797|ref|YP_424420.1|	98
529	MCCP01v2_0529|ID:20168172|gcvH|	gi|83319901|ref|YP_424421.1|	99
530	MCCP01v2_0530|ID:20168173|	gi|83319543|ref|YP_424422.1|	96
531	MCCP01v2_0531|ID:20168174|lplA|	gi|83319826|ref|YP_424423.1|	99
532	MCCP01v2_0532|ID:20168175|	gi|83319344|ref|YP_424424.1|	98
533	MCCP01v2_0533|ID:20168176|lpp|	gi|83319979|ref|YP_424425.1|	79
534	MCCP01v2_0534|ID:20168177|gtsC|	gi|83319874|ref|YP_424426.1|	98
535	MCCP01v2_0535|ID:20168178|gtsB|	gi|83319767|ref|YP_424427.1|	98
536	MCCP01v2_0536|ID:20168179|gtsA|	gi|83319663|ref|YP_424428.1|	98
537	MCCP01v2_0537|ID:20168180|	gi|83319614|ref|YP_424429.1|	99
538	MCCP01v2_0538|ID:20168181|recD|	gi|83319614|ref|YP_424429.1|	100
539	MCCP01v2_0539|ID:20168182|parC|	gi|83319790|ref|YP_424430.1|	98
540	MCCP01v2_0540|ID:20168183|parE|	gi|83319442|ref|YP_424431.1|	99
541	MCCP01v2_0541|ID:20168184|mtlA|	gi|83319987|ref|YP_424432.1|	97
542	MCCP01v2_0542|ID:20168185|	gi|83319579|ref|YP_424433.1|	95
543	MCCP01v2_0543|ID:20168186|gnd|	gi|83319446|ref|YP_424434.1|	97
544	MCCP01v2_0544|ID:20168187|gapN|	gi|83319779|ref|YP_424435.1|	99
545	MCCP01v2_0545|ID:20168188|	gi|83319453|ref|YP_424436.1|	100
546	MCCP01v2_0546|ID:20168189|	gi|83319664|ref|YP_424437.1|	98
547	MCCP01v2_0547|ID:20168190|	gi|83319773|ref|YP_424438.1|	96
548	MCCP01v2_0548|ID:20168191|pgi|	gi|83319876|ref|YP_424439.1|	98
549	MCCP01v2_0549|ID:20168192|	gi|83319496|ref|YP_424440.1|	96
550	MCCP01v2_0550|ID:20168193|	gi|83319496|ref|YP_424440.1|	94
551	MCCP01v2_0551|ID:20168194|folN|	gi|83319768|ref|YP_424441.1|	98
552	MCCP01v2_0552|ID:20168195|	gi|83320031|ref|YP_424442.1|	97
553	MCCP01v2_0553|ID:20168196|csd|	gi|83319944|ref|YP_424443.1|	95
554	MCCP01v2_0554|ID:20168197|lpp|	gi|83319431|ref|YP_424444.1|	76
555	MCCP01v2_0555|ID:20168198|lpp|	gi|83319261|ref|YP_424445.1|	78
556	MCCP01v2_0556|ID:20168199|hinT|	gi|83319570|ref|YP_424446.1|	99
557	MCCP01v2_0557|ID:20168200|	gi|83319859|ref|YP_424447.1|	99
558	MCCP01v2_0558|ID:20168201|ung|	gi|83319985|ref|YP_424448.1|	98
559	MCCP01v2_0559|ID:20168202|pmi|	gi|83319703|ref|YP_424449.1|	95
560	MCCP01v2_0560|ID:20168203|trmFO|	gi|83319822|ref|YP_424450.1|	99
561	MCCP01v2_0561|ID:20168204|cutC|	gi|83319533|ref|YP_424451.1|	99
562	MCCP01v2_0562|ID:20168205|metK|	gi|83319655|ref|YP_424452.1|	99
563	MCCP01v2_0563|ID:20168206|pdeB|	gi|83319258|ref|YP_424453.1|	98
564	MCCP01v2_0564|ID:20168207|	gi|83319384|ref|YP_424454.1|	99
565	MCCP01v2_0565|ID:20168208|ftsY|	gi|83319748|ref|YP_424455.1|	98
566	MCCP01v2_0566|ID:20168209|phoU|	gi|83319786|ref|YP_424456.1|	99
567	MCCP01v2_0567|ID:20168210|pstBA|	gi|83319542|ref|YP_424457.1|	100
568	MCCP01v2_0568|ID:20168211|pstC|	gi|83319640|ref|YP_424458.1|	99
569	MCCP01v2_0569|ID:20168212|pstS|	gi|83319693|ref|YP_424459.1|	99
570	MCCP01v2_0570|ID:20168213|	gi|83319383|ref|YP_424460.1|	98
571	MCCP01v2_0571|ID:20168214|	gi|83319555|ref|YP_424462.1|	98
572	MCCP01v2_0572|ID:20168215|dhaK|	gi|83319282|ref|YP_424463.1|	99
573	MCCP01v2_0573|ID:20168216|plsX|	gi|83319479|ref|YP_424464.1|	100
574	MCCP01v2_0574|ID:20168217|rnc|	gi|83319588|ref|YP_424465.1|	99
575	MCCP01v2_0575|ID:20168218|	gi|83319679|ref|YP_424466.1|	98
576	MCCP01v2_0576|ID:20168219|	gi|83319800|ref|YP_424467.1|	95
577	MCCP01v2_0577|ID:20168220|smc|	gi|83319729|ref|YP_424468.1|	99
578	MCCP01v2_0578|ID:20168221|spoT|	gi|83319815|ref|YP_424469.1|	100
579	MCCP01v2_0579|ID:20168222|apt|	gi|83319437|ref|YP_424470.1|	100
580	MCCP01v2_0580|ID:20168223|	gi|83319955|ref|YP_424471.1|	99
581	MCCP01v2_0581|ID:20168224|	gi|83319610|ref|YP_424472.1|	99
582	MCCP01v2_0582|ID:20168225|	gi|83319293|ref|YP_424473.1|	99
583	MCCP01v2_0583|ID:20168226|	gi|83319709|ref|YP_424474.1|	99
584	MCCP01v2_0584|ID:20168227|trmK|	gi|83319817|ref|YP_424475.1|	97
585	MCCP01v2_0585|ID:20168228|sigA|	gi|83319868|ref|YP_424476.1|	100
586	MCCP01v2_0586|ID:20168229|dnaG|	gi|83319946|ref|YP_424477.1|	98
587	MCCP01v2_0587|ID:20168230|glyQS|	gi|83319862|ref|YP_424478.1|	99
588	MCCP01v2_0588|ID:20168231|recO|	gi|83319326|ref|YP_424479.1|	96
589	MCCP01v2_0589|ID:20168232|era|	gi|83319405|ref|YP_424480.1|	97
590	MCCP01v2_0590|ID:20168233|	gi|83319995|ref|YP_424481.1|	98
591	MCCP01v2_0591|ID:20168234|	gi|83319878|ref|YP_424482.1|	90
592	MCCP01v2_0592|ID:20168235|	gi|83319368|ref|YP_424483.1|	97
593	MCCP01v2_0593|ID:20168236|	gi|83319322|ref|YP_424484.1|	98
594	MCCP01v2_0594|ID:20168237|lpp|	gi|83319780|ref|YP_424346.1|	36
595	MCCP01v2_0595|ID:20168238|	gi|83319406|ref|YP_424485.1|	91
596	MCCP01v2_0596|ID:20168239|lpp|	gi|83319406|ref|YP_424485.1|	87
597	MCCP01v2_0597|ID:20168240|lpp|	gi|83319406|ref|YP_424485.1|	92
598	MCCP01v2_0598|ID:20168241|lpp|	gi|83319880|ref|YP_424486.1|	94
599	MCCP01v2_0599|ID:20168242|	gi|83319965|ref|YP_424487.1|	99
600	MCCP01v2_0600|ID:20168243|lonA|	gi|83319891|ref|YP_424488.1|	100
601	MCCP01v2_0601|ID:20168244|tig|	gi|83319723|ref|YP_424489.1|	99
602	MCCP01v2_0602|ID:20168245|	gi|83319794|ref|YP_424490.1|	97
603	MCCP01v2_0603|ID:20168246|efp|	gi|83319745|ref|YP_424491.1|	99
604	MCCP01v2_0604|ID:20168247|fmt|	gi|83319576|ref|YP_424492.1|	97
605	MCCP01v2_0605|ID:20168248|	gi|83319463|ref|YP_424493.1|	98
606	MCCP01v2_0606|ID:20168249|	gi|83319952|ref|YP_424494.1|	99
607	MCCP01v2_0607|ID:20168250|mnmA|	gi|83319617|ref|YP_424495.1|	98
608	MCCP01v2_0608|ID:20168251|lpp|	gi|83320054|ref|YP_424496.1|	94
609	MCCP01v2_0609|ID:20168252|	gi|83320052|ref|YP_424497.1|	93
610	MCCP01v2_0610|ID:20168253|	gi|83320052|ref|YP_424497.1|	98
611	MCCP01v2_0611|ID:20168254|	gi|83319429|ref|YP_424498.1|	96
612	MCCP01v2_0612|ID:20168255|	gi|83319354|ref|YP_424499.1|	99
613	MCCP01v2_0613|ID:20168256|	gi|83319600|ref|YP_424500.1|	85
614	MCCP01v2_0614|ID:20168257|	gi|83319600|ref|YP_424500.1|	96
615	MCCP01v2_0615|ID:20168258|nadD|	gi|83319440|ref|YP_424501.1|	99
616	MCCP01v2_0616|ID:20168259|	gi|83319788|ref|YP_424502.1|	99
617	MCCP01v2_0617|ID:20168260|nadE|	gi|83319278|ref|YP_424503.1|	98
618	MCCP01v2_0618|ID:20168261|obg|	gi|83319638|ref|YP_424504.1|	99
619	MCCP01v2_0619|ID:20168262|	gi|83319379|ref|YP_424505.1|	98
620	MCCP01v2_0620|ID:20168263|	gi|83319307|ref|YP_424506.1|	96
621	MCCP01v2_0621|ID:20168264|	gi|83319971|ref|YP_424507.1|	99
622	MCCP01v2_0622|ID:20168265|	gi|83319875|ref|YP_424508.1|	99
623	MCCP01v2_0623|ID:20168266|	gi|83319922|ref|YP_424509.1|	100
624	MCCP01v2_0624|ID:20168267|	gi|83319652|ref|YP_424510.1|	100
625	MCCP01v2_0625|ID:20168268|	gi|83319782|ref|YP_424511.1|	78
626	MCCP01v2_0626|ID:20168269|	gi|83319939|ref|YP_424512.1|	90
627	MCCP01v2_0627|ID:20168270|rnhB|	gi|83319843|ref|YP_424513.1|	95
628	MCCP01v2_0628|ID:20168271|rbgA|	gi|83319346|ref|YP_424514.1|	100
629	MCCP01v2_0629|ID:20168272|rplS|	gi|83320044|ref|YP_424515.1|	99
630	MCCP01v2_0630|ID:20168273|trmD|	gi|83319498|ref|YP_424516.1|	99
631	MCCP01v2_0631|ID:20168274|rimM|	gi|83319392|ref|YP_424517.1|	99
632	MCCP01v2_0632|ID:20168275|rpsP|	gi|83319787|ref|YP_424518.1|	99
633	MCCP01v2_0633|ID:20168276|rlmH|	gi|83319737|ref|YP_424519.1|	99
634	MCCP01v2_0634|ID:20168277|ffh|	gi|83319981|ref|YP_424520.1|	99
635	MCCP01v2_0635|ID:20168278|rny|	gi|83319781|ref|YP_424521.1|	99
636	MCCP01v2_0636|ID:20168279|recA|	gi|83319502|ref|YP_424522.1|	100
637	MCCP01v2_0637|ID:20168280|cinA|	gi|83319299|ref|YP_424523.1|	99
638	MCCP01v2_0638|ID:20168281|	gi|83319979|ref|YP_424425.1|	36
639	MCCP01v2_0639|ID:20168282|recU|	gi|83319747|ref|YP_424542.1|	100
640	MCCP01v2_0640|ID:20168283|	gi|83319254|ref|YP_424543.1|	98
641	MCCP01v2_0641|ID:20168284|hup|	gi|83320061|ref|YP_424544.1|	100
642	MCCP01v2_0642|ID:20168285|gpsA|	gi|83319366|ref|YP_424545.1|	99
643	MCCP01v2_0643|ID:20168286|engA|	gi|83319844|ref|YP_424546.1|	99
644	MCCP01v2_0644|ID:20168287|cmk|	gi|83320058|ref|YP_424547.1|	99
645	MCCP01v2_0645|ID:20168288|	gi|83319419|ref|YP_424548.1|	98
646	MCCP01v2_0646|ID:20168289|	gi|83319289|ref|YP_424549.1|	98
647	MCCP01v2_0647|ID:20168290|ppa|	gi|83319598|ref|YP_424550.1|	99
648	MCCP01v2_0648|ID:20168291|	gi|83319399|ref|YP_424552.1|	94
649	MCCP01v2_0649|ID:20168292|	gi|83319399|ref|YP_424552.1|	92
650	MCCP01v2_0650|ID:20168293|	gi|83319399|ref|YP_424552.1|	98
651	MCCP01v2_0651|ID:20168294|lpp|	gi|83319661|ref|YP_424554.1|	91
652	MCCP01v2_0652|ID:20168295|	gi|83320021|ref|YP_424555.1|	94
653	MCCP01v2_0653|ID:20168296|	gi|83320021|ref|YP_424555.1|	98
654	MCCP01v2_0654|ID:20168297|	gi|83319333|ref|YP_424556.1|	97
655	MCCP01v2_0655|ID:20168298|	gi|83319333|ref|YP_424556.1|	99
656	MCCP01v2_0656|ID:20168299|	gi|83319333|ref|YP_424556.1|	98
657	MCCP01v2_0657|ID:20168300|lpp|	gi|83319413|ref|YP_424573.1|	51
658	MCCP01v2_0658|ID:20168301|	gi|83319620|ref|YP_424557.1|	98
659	MCCP01v2_0659|ID:20168302|	gi|83319837|ref|YP_424558.1|	99
660	MCCP01v2_0660|ID:20168303|	gi|83319770|ref|YP_424559.1|	98
661	MCCP01v2_0661|ID:20168304|	gi|83319605|ref|YP_424563.1|	55
662	MCCP01v2_0662|ID:20168305|lpp|	gi|83319662|ref|YP_424562.1|	96
663	MCCP01v2_0663|ID:20168306|lpp|	gi|83319605|ref|YP_424563.1|	92
664	MCCP01v2_0664|ID:20168307|lpp|	gi|83319662|ref|YP_424562.1|	58
665	MCCP01v2_0665|ID:20168308|	gi|83319620|ref|YP_424557.1|	37
666	MCCP01v2_0666|ID:20168309|lpp|	gi|83319937|ref|YP_424597.1|	40
667	MCCP01v2_0667|ID:20168310|lpp|	gi|83319605|ref|YP_424563.1|	64
668	MCCP01v2_0668|ID:20168311|	gi|83319842|ref|YP_424565.1|	97
669	MCCP01v2_0669|ID:20168312|	gi|83319369|ref|YP_424566.1|	99
670	MCCP01v2_0670|ID:20168313|	gi|83319375|ref|YP_424567.1|	99
671	MCCP01v2_0671|ID:20168314|rluB|	gi|83319317|ref|YP_424568.1|	99
672	MCCP01v2_0672|ID:20168315|scpB|	gi|83320037|ref|YP_424569.1|	99
673	MCCP01v2_0673|ID:20168316|scpA|	gi|83319619|ref|YP_424570.1|	99
674	MCCP01v2_0674|ID:20168317|	gi|83319888|ref|YP_424571.1|	99
675	MCCP01v2_0675|ID:20168318|	gi|83320008|ref|YP_424572.1|	98
676	MCCP01v2_0676|ID:20168319|lpp|	gi|83319413|ref|YP_424573.1|	92
677	MCCP01v2_0677|ID:20168320|lip|	gi|83319715|ref|YP_424574.1|	93
678	MCCP01v2_0678|ID:20168321|	gi|83319651|ref|YP_424575.1|	91
679	MCCP01v2_0679|ID:20168322|	gi|83319651|ref|YP_424575.1|	100
680	MCCP01v2_0680|ID:20168323|	gi|83319651|ref|YP_424575.1|	97
681	MCCP01v2_0681|ID:20168324|	gi|83319651|ref|YP_424575.1|	92
682	MCCP01v2_0682|ID:20168325|	gi|83319889|ref|YP_424576.1|	99
683	MCCP01v2_0683|ID:20168326|	gi|83319560|ref|YP_424577.1|	100
684	MCCP01v2_0684|ID:20168327|tkt|	gi|83319912|ref|YP_424578.1|	98
685	MCCP01v2_0685|ID:20168328|	gi|83319422|ref|YP_424579.1|	100
686	MCCP01v2_0686|ID:20168329|	gi|83319755|ref|YP_424580.1|	100
687	MCCP01v2_0687|ID:20168330|trmFO|	gi|83319831|ref|YP_424581.1|	98
688	MCCP01v2_0688|ID:20168331|	gi|83319734|ref|YP_424582.1|	96
689	MCCP01v2_0689|ID:20168332|	gi|83319406|ref|YP_424485.1|	28
690	MCCP01v2_0690|ID:20168333|	gi|83319940|ref|YP_424015.1|	29
691	MCCP01v2_0691|ID:20168334|	gi|83319614|ref|YP_424429.1|	55
692	MCCP01v2_0692|ID:20168335|recD|	gi|83319614|ref|YP_424429.1|	40
693	MCCP01v2_0693|ID:20168336|	gi|83319602|ref|YP_424257.1|	40
694	MCCP01v2_0694|ID:20168337|	gi|83319275|ref|YP_424691.1|	30
695	MCCP01v2_0695|ID:20168338|	gi|83319846|ref|YP_424583.1|	98
696	MCCP01v2_0696|ID:20168339|	gi|83319504|ref|YP_424584.1|	97
697	MCCP01v2_0697|ID:20168340|	gi|83319550|ref|YP_424585.1|	98
698	MCCP01v2_0698|ID:20168341|	gi|83319908|ref|YP_424586.1|	98
699	MCCP01v2_0699|ID:20168342|	gi|83319908|ref|YP_424586.1|	99
700	MCCP01v2_0700|ID:20168343|fruK|	gi|83319290|ref|YP_424587.1|	96
701	MCCP01v2_0701|ID:20168344|	gi|83319735|ref|YP_424588.1|	91
702	MCCP01v2_0702|ID:20168345|	gi|83319735|ref|YP_424588.1|	96
703	MCCP01v2_0703|ID:20168346|	gi|83319735|ref|YP_424588.1|	93
704	MCCP01v2_0704|ID:20168347|	gi|83319614|ref|YP_424429.1|	55
705	MCCP01v2_0705|ID:20168348|	gi|83319614|ref|YP_424429.1|	38
706	MCCP01v2_0706|ID:20168349|	gi|83320033|ref|YP_424157.1|	28
707	MCCP01v2_0707|ID:20168350|	gi|83319460|ref|YP_424805.1|	29
708	MCCP01v2_0708|ID:20168351|	gi|83319627|ref|YP_424692.1|	32
709	MCCP01v2_0709|ID:20168352|	gi|83319487|ref|YP_424065.1|	29
710	MCCP01v2_0710|ID:20168353|	gi|83319435|ref|YP_424025.1|	25
711	MCCP01v2_0711|ID:20168354|	gi|83319917|ref|YP_424589.1|	100
712	MCCP01v2_0712|ID:20168355|lpp|	gi|83319917|ref|YP_424589.1|	90
713	MCCP01v2_0713|ID:20168356|	gi|83320049|ref|YP_424610.1|	43
714	MCCP01v2_0714|ID:20168357|	gi|83319381|ref|YP_424800.1|	37
715	MCCP01v2_0715|ID:20168358|	gi|83319884|ref|YP_424590.1|	92
716	MCCP01v2_0716|ID:20168359|rnjA|	gi|83319447|ref|YP_424591.1|	100
717	MCCP01v2_0717|ID:20168360|	gi|83319571|ref|YP_424592.1|	99
718	MCCP01v2_0718|ID:20168361|	gi|83319341|ref|YP_424593.1|	79
719	MCCP01v2_0719|ID:20168362|	gi|83319444|ref|YP_424594.1|	75
720	MCCP01v2_0720|ID:20168363|	gi|83320017|ref|YP_424595.1|	97
721	MCCP01v2_0721|ID:20168364|	gi|83320017|ref|YP_424595.1|	97
722	MCCP01v2_0722|ID:20168365|	gi|83320017|ref|YP_424595.1|	95
723	MCCP01v2_0723|ID:20168366|	gi|83319458|ref|YP_424596.1|	97
724	MCCP01v2_0724|ID:20168367|	gi|83319556|ref|YP_424598.1|	100
725	MCCP01v2_0725|ID:20168368|	gi|83319556|ref|YP_424598.1|	100
726	MCCP01v2_0726|ID:20168369|	gi|83319556|ref|YP_424598.1|	80
727	MCCP01v2_0727|ID:20168370|pgk|	gi|83319915|ref|YP_424599.1|	98
728	MCCP01v2_0728|ID:20168371|gapA|	gi|83320051|ref|YP_424600.1|	99
729	MCCP01v2_0729|ID:20168372|	gi|83319318|ref|YP_424601.1|	99
730	MCCP01v2_0730|ID:20168373|dnaB|	gi|83319403|ref|YP_424602.1|	99
731	MCCP01v2_0731|ID:20168374|mutM|	gi|83319527|ref|YP_424603.1|	100
732	MCCP01v2_0732|ID:20168375|polA|	gi|83319510|ref|YP_424604.1|	98
733	MCCP01v2_0733|ID:20168376|dnaE|	gi|83319615|ref|YP_424605.1|	99
734	MCCP01v2_0734|ID:20168377|	gi|83319315|ref|YP_424606.1|	97
735	MCCP01v2_0735|ID:20168378|	gi|83319315|ref|YP_424606.1|	97
736	MCCP01v2_0736|ID:20168379|	gi|83319315|ref|YP_424606.1|	95
737	MCCP01v2_0737|ID:20168380|tyrS|	gi|83319274|ref|YP_424607.1|	99
738	MCCP01v2_0738|ID:20168381|	gi|83319385|ref|YP_424608.1|	99
739	MCCP01v2_0739|ID:20168382|	gi|83319951|ref|YP_424609.1|	99
740	MCCP01v2_0740|ID:20168383|	gi|83320049|ref|YP_424610.1|	99
741	MCCP01v2_0741|ID:20168384|	gi|83319590|ref|YP_424611.1|	100
742	MCCP01v2_0742|ID:20168385|fur|	gi|83319836|ref|YP_424612.1|	100
743	MCCP01v2_0743|ID:20168386|	gi|83319519|ref|YP_424613.1|	100
744	MCCP01v2_0744|ID:20168387|	gi|83319259|ref|YP_424614.1|	98
745	MCCP01v2_0745|ID:20168388|	gi|83319476|ref|YP_424615.1|	97
746	MCCP01v2_0746|ID:20168389|arcC|	gi|83319524|ref|YP_424616.1|	96
747	MCCP01v2_0747|ID:20168390|arcC|	gi|83319524|ref|YP_424616.1|	97
748	MCCP01v2_0748|ID:20168391|agcA|	gi|83319708|ref|YP_424617.1|	100
749	MCCP01v2_0749|ID:20168392|agcA|	gi|83319708|ref|YP_424617.1|	99
750	MCCP01v2_0750|ID:20168393|agcD|	gi|83319362|ref|YP_424618.1|	98
751	MCCP01v2_0751|ID:20168394|agcB|	gi|83319535|ref|YP_424619.1|	98
752	MCCP01v2_0752|ID:20168395|agcB|	gi|83319535|ref|YP_424619.1|	100
753	MCCP01v2_0753|ID:20168396|abc|	gi|83319711|ref|YP_424620.1|	98
754	MCCP01v2_0754|ID:20168397|	gi|83319830|ref|YP_424621.1|	96
755	MCCP01v2_0755|ID:20168398|	gi|83319926|ref|YP_424622.1|	97
756	MCCP01v2_0756|ID:20168399|	gi|83319998|ref|YP_424623.1|	99
757	MCCP01v2_0757|ID:20168400|leuS|	gi|83319332|ref|YP_424624.1|	99
758	MCCP01v2_0758|ID:20168401|	gi|83319643|ref|YP_424625.1|	90
759	MCCP01v2_0759|ID:20168402|rpsI|	gi|83319563|ref|YP_424626.1|	100
760	MCCP01v2_0760|ID:20168403|rplM|	gi|83319647|ref|YP_424627.1|	100
761	MCCP01v2_0761|ID:20168404|	gi|83319508|ref|YP_424628.1|	99
762	MCCP01v2_0762|ID:20168405|truA|	gi|83320035|ref|YP_424629.1|	99
763	MCCP01v2_0763|ID:20168406|	gi|83319897|ref|YP_424630.1|	98
764	MCCP01v2_0764|ID:20168407|ecfAB|	gi|83319301|ref|YP_424631.1|	100
765	MCCP01v2_0765|ID:20168408|ecfA|	gi|83319389|ref|YP_424632.1|	100
766	MCCP01v2_0766|ID:20168409|rplQ|	gi|83319893|ref|YP_424633.1|	100
767	MCCP01v2_0767|ID:20168410|rpoA|	gi|83319728|ref|YP_424634.1|	99
768	MCCP01v2_0768|ID:20168411|rpsK|	gi|83319613|ref|YP_424635.1|	100
769	MCCP01v2_0769|ID:20168412|rpsM|	gi|83319525|ref|YP_424636.1|	98
770	MCCP01v2_0770|ID:20168413|infA|	gi|83319271|ref|YP_424638.1|	100
771	MCCP01v2_0771|ID:20168414|mapA|	gi|83319870|ref|YP_424639.1|	100
772	MCCP01v2_0772|ID:20168415|adk|	gi|83319545|ref|YP_424640.1|	99
773	MCCP01v2_0773|ID:20168416|secY|	gi|83319677|ref|YP_424641.1|	100
774	MCCP01v2_0774|ID:20168417|rplO|	gi|83319799|ref|YP_424642.1|	100
775	MCCP01v2_0775|ID:20168418|rpsE|	gi|83319769|ref|YP_424643.1|	99
776	MCCP01v2_0776|ID:20168419|rplR|	gi|83319958|ref|YP_424644.1|	97
777	MCCP01v2_0777|ID:20168420|rplF|	gi|83319736|ref|YP_424645.1|	99
778	MCCP01v2_0778|ID:20168421|rpsH|	gi|83319832|ref|YP_424646.1|	100
779	MCCP01v2_0779|ID:20168422|rpsNA|	gi|83319468|ref|YP_424647.1|	98
780	MCCP01v2_0780|ID:20168423|rplE|	gi|83319577|ref|YP_424648.1|	99
781	MCCP01v2_0781|ID:20168424|rplX|	gi|83320060|ref|YP_424649.1|	99
782	MCCP01v2_0782|ID:20168425|rplNA|	gi|83319597|ref|YP_424650.1|	98
783	MCCP01v2_0783|ID:20168426|rpsQ|	gi|83319386|ref|YP_424651.1|	100
784	MCCP01v2_0784|ID:20168427|rpmC|	gi|83319500|ref|YP_424652.1|	99
785	MCCP01v2_0785|ID:20168428|rplP|	gi|83319564|ref|YP_424653.1|	100
786	MCCP01v2_0786|ID:20168429|rpsC|	gi|83319775|ref|YP_424654.1|	100
787	MCCP01v2_0787|ID:20168430|rplV|	gi|83319685|ref|YP_424655.1|	100
788	MCCP01v2_0788|ID:20168431|rpsS|	gi|83319959|ref|YP_424656.1|	100
789	MCCP01v2_0789|ID:20168432|rplB|	gi|83319372|ref|YP_424657.1|	100
790	MCCP01v2_0790|ID:20168433|rplW|	gi|83319653|ref|YP_424658.1|	99
791	MCCP01v2_0791|ID:20168434|rplD|	gi|83319335|ref|YP_424659.1|	100
792	MCCP01v2_0792|ID:20168435|rplC|	gi|83319916|ref|YP_424660.1|	98
793	MCCP01v2_0793|ID:20168436|rpsJ|	gi|83320025|ref|YP_424661.1|	100
794	MCCP01v2_0794|ID:20168437|dhaK|	gi|83319762|ref|YP_424662.1|	100
795	MCCP01v2_0795|ID:20168438|dhaK|	gi|83319762|ref|YP_424662.1|	96
796	MCCP01v2_0796|ID:20168439|dhaK|	gi|83319762|ref|YP_424662.1|	99
797	MCCP01v2_0797|ID:20168440|	gi|83319823|ref|YP_424663.1|	68
798	MCCP01v2_0798|ID:20168441|	gi|83319606|ref|YP_424256.1|	42
799	MCCP01v2_0799|ID:20168442|	gi|83319591|ref|YP_424664.1|	69
800	MCCP01v2_0800|ID:20168443|	gi|83319632|ref|YP_424067.1|	60
801	MCCP01v2_0801|ID:20168444|	gi|83319621|ref|YP_424665.1|	90
802	MCCP01v2_0802|ID:20168445|folD|	gi|83319359|ref|YP_424666.1|	98
803	MCCP01v2_0803|ID:20168446|ktr|	gi|83319907|ref|YP_424667.1|	99
804	MCCP01v2_0804|ID:20168447|ktrC|	gi|83319706|ref|YP_424668.1|	99
805	MCCP01v2_0805|ID:20168448|gatB|	gi|83319771|ref|YP_424669.1|	99
806	MCCP01v2_0806|ID:20168449|gatA|	gi|83320039|ref|YP_424670.1|	99
807	MCCP01v2_0807|ID:20168450|gatC|	gi|83319319|ref|YP_424671.1|	100
808	MCCP01v2_0808|ID:20168451|ligA|	gi|83319601|ref|YP_424672.1|	99
809	MCCP01v2_0809|ID:20168452|	gi|83319495|ref|YP_424673.1|	99
810	MCCP01v2_0810|ID:20168453|rluC|	gi|83319852|ref|YP_424674.1|	98
811	MCCP01v2_0811|ID:20168454|	gi|83319757|ref|YP_424675.1|	97
812	MCCP01v2_0812|ID:20168455|ptsH|	gi|83319942|ref|YP_424676.1|	100
813	MCCP01v2_0813|ID:20168456|uvrD|	gi|83319825|ref|YP_424677.1|	99
814	MCCP01v2_0814|ID:20168457|	gi|83319753|ref|YP_424678.1|	95
815	MCCP01v2_0815|ID:20168458|	gi|83320045|ref|YP_424679.1|	99
816	MCCP01v2_0816|ID:20168459|lpp|	gi|83319595|ref|YP_424680.1|	55
817	MCCP01v2_0817|ID:20168460|lpp|	gi|83319462|ref|YP_424681.1|	80
818	MCCP01v2_0818|ID:20168461|lpp|	gi|83319462|ref|YP_424681.1|	60
819	MCCP01v2_0819|ID:20168462|lpp|	gi|83319595|ref|YP_424680.1|	67
820	MCCP01v2_0820|ID:20168463|lpp|	gi|83319595|ref|YP_424680.1|	55
821	MCCP01v2_0821|ID:20168464|msrAB|	gi|83319765|ref|YP_424682.1|	99
822	MCCP01v2_0822|ID:20168465|lpp|	gi|83319879|ref|YP_424683.1|	98
823	MCCP01v2_0823|ID:20168466|lpp|	gi|83319879|ref|YP_424683.1|	91
824	MCCP01v2_0824|ID:20168467|	gi|83319996|ref|YP_424684.1|	99
825	MCCP01v2_0825|ID:20168468|	gi|83319544|ref|YP_424685.1|	98
826	MCCP01v2_0826|ID:20168469|	gi|83319544|ref|YP_424685.1|	98
827	MCCP01v2_0827|ID:20168470|	gi|83319624|ref|YP_424686.1|	95
828	MCCP01v2_0828|ID:20168471|	gi|83319624|ref|YP_424686.1|	95
829	MCCP01v2_0829|ID:20168472|	gi|83320053|ref|YP_424687.1|	96
830	MCCP01v2_0830|ID:20168473|	gi|83319752|ref|YP_424688.1|	96
831	MCCP01v2_0831|ID:20168474|	gi|83319380|ref|YP_424689.1|	97
832	MCCP01v2_0832|ID:20168475|	gi|83319557|ref|YP_424690.1|	95
833	MCCP01v2_0833|ID:20168476|lpp|	gi|83319275|ref|YP_424691.1|	90
834	MCCP01v2_0834|ID:20168477|	gi|83319627|ref|YP_424692.1|	99
835	MCCP01v2_0835|ID:20168478|	gi|83319553|ref|YP_424693.1|	95
836	MCCP01v2_0836|ID:20168479|	gi|83319553|ref|YP_424693.1|	100
837	MCCP01v2_0837|ID:20168480|yjgF|	gi|83320015|ref|YP_424694.1|	96
838	MCCP01v2_0838|ID:20168481|	gi|83319778|ref|YP_424698.1|	51
839	MCCP01v2_0839|ID:20168482|	gi|83319778|ref|YP_424698.1|	53
840	MCCP01v2_0840|ID:20168483|	gi|83319778|ref|YP_424698.1|	51
841	MCCP01v2_0841|ID:20168484|	gi|83319778|ref|YP_424698.1|	96
842	MCCP01v2_0842|ID:20168485|	gi|83319760|ref|YP_424699.1|	94
843	MCCP01v2_0843|ID:20168486|	gi|83319760|ref|YP_424699.1|	86
844	MCCP01v2_0844|ID:20168487|	gi|83319760|ref|YP_424699.1|	98
845	MCCP01v2_0845|ID:20168488|	gi|83319283|ref|YP_424136.1|	40
846	MCCP01v2_0846|ID:20168489|nagB|	gi|83319404|ref|YP_424700.1|	97
847	MCCP01v2_0847|ID:20168490|tpiA|	gi|83319507|ref|YP_424701.1|	99
848	MCCP01v2_0848|ID:20168491|	gi|83319355|ref|YP_424702.1|	97
849	MCCP01v2_0849|ID:20168492|	gi|83319355|ref|YP_424702.1|	100
850	MCCP01v2_0850|ID:20168493|pgm|	gi|83320056|ref|YP_424703.1|	99
851	MCCP01v2_0851|ID:20168494|	gi|83319808|ref|YP_424704.1|	76
852	MCCP01v2_0852|ID:20168495|	gi|83319672|ref|YP_424705.1|	82
853	MCCP01v2_0853|ID:20168496|deoC|	gi|83320004|ref|YP_424706.1|	99
854	MCCP01v2_0854|ID:20168497|pgcA|	gi|83319929|ref|YP_424707.1|	99
855	MCCP01v2_0855|ID:20168498|pdp|	gi|83320010|ref|YP_424708.1|	99
856	MCCP01v2_0856|ID:20168499|	gi|83319284|ref|YP_424709.1|	97
857	MCCP01v2_0857|ID:20168500|lpp|	gi|83319284|ref|YP_424709.1|	96
858	MCCP01v2_0858|ID:20168501|mgtE|	gi|83319394|ref|YP_424710.1|	98
859	MCCP01v2_0859|ID:20168502|trmB|	gi|83319486|ref|YP_424711.1|	97
860	MCCP01v2_0860|ID:20168503|	gi|83319532|ref|YP_424712.1|	99
861	MCCP01v2_0861|ID:20168504|	gi|83319536|ref|YP_424713.1|	70
862	MCCP01v2_0862|ID:20168505|	gi|83319511|ref|YP_424042.1|	35
863	MCCP01v2_0863|ID:20168506|	gi|83319857|ref|YP_424780.1|	34
864	MCCP01v2_0864|ID:20168507|	gi|83319285|ref|YP_424347.1|	36
865	MCCP01v2_0865|ID:20168508|hpt|	gi|83319960|ref|YP_424715.1|	98
866	MCCP01v2_0866|ID:20168509|purB|	gi|83319287|ref|YP_424716.1|	99
867	MCCP01v2_0867|ID:20168510|purA|	gi|83319683|ref|YP_424717.1|	99
868	MCCP01v2_0868|ID:20168511|	gi|83319887|ref|YP_424718.1|	97
869	MCCP01v2_0869|ID:20168512|	gi|83319816|ref|YP_424254.1|	87
870	MCCP01v2_0870|ID:20168513|	gi|83319470|ref|YP_424255.1|	81
871	MCCP01v2_0871|ID:20168514|	gi|83319539|ref|YP_424719.1|	94
872	MCCP01v2_0872|ID:20168515|	gi|83319268|ref|YP_424720.1|	96
873	MCCP01v2_0873|ID:20168516|holA|	gi|83319994|ref|YP_424721.1|	98
874	MCCP01v2_0874|ID:20168517|uvrB|	gi|83319947|ref|YP_424722.1|	99
875	MCCP01v2_0875|ID:20168518|uvrA|	gi|83319666|ref|YP_424723.1|	99
876	MCCP01v2_0876|ID:20168519|folC|	gi|83319540|ref|YP_424724.1|	95
877	MCCP01v2_0877|ID:20168520|folT|	gi|83319841|ref|YP_424725.1|	100
878	MCCP01v2_0878|ID:20168521|	gi|83319297|ref|YP_424726.1|	94
879	MCCP01v2_0879|ID:20168522|	gi|83319297|ref|YP_424726.1|	99
880	MCCP01v2_0880|ID:20168523|lgt|	gi|83319642|ref|YP_424727.1|	97
881	MCCP01v2_0881|ID:20168524|trxB|	gi|83319334|ref|YP_424728.1|	98
882	MCCP01v2_0882|ID:20168525|lgt|	gi|83319801|ref|YP_424729.1|	96
883	MCCP01v2_0883|ID:20168526|	gi|83319881|ref|YP_424730.1|	98
884	MCCP01v2_0884|ID:20168527|lpp|	gi|83320064|ref|YP_424731.1|	82
885	MCCP01v2_0885|ID:20168528|	gi|83320064|ref|YP_424731.1|	93
886	MCCP01v2_0886|ID:20168529|	gi|83319432|ref|YP_424732.1|	91
887	MCCP01v2_0887|ID:20168530|	gi|83319432|ref|YP_424732.1|	98
888	MCCP01v2_0888|ID:20168531|	gi|83319561|ref|YP_424734.1|	93
889	MCCP01v2_0889|ID:20168532|	gi|83319561|ref|YP_424734.1|	98
890	MCCP01v2_0890|ID:20168533|	gi|83319697|ref|YP_424735.1|	98
891	MCCP01v2_0891|ID:20168534|	gi|83319785|ref|YP_424736.1|	68
892	MCCP01v2_0892|ID:20168535|	gi|83319785|ref|YP_424736.1|	81
893	MCCP01v2_0893|ID:20168536|	gi|83319785|ref|YP_424736.1|	90
894	MCCP01v2_0894|ID:20168537|	gi|83319968|ref|YP_424739.1|	92
895	MCCP01v2_0895|ID:20168538|	gi|83319968|ref|YP_424739.1|	84
896	MCCP01v2_0896|ID:20168539|	gi|83319968|ref|YP_424739.1|	100
897	MCCP01v2_0897|ID:20168540|	gi|83319448|ref|YP_424740.1|	98
898	MCCP01v2_0898|ID:20168541|	gi|83319448|ref|YP_424740.1|	97
899	MCCP01v2_0899|ID:20168542|topA|	gi|83319302|ref|YP_424741.1|	99
900	MCCP01v2_0900|ID:20168543|	gi|83319900|ref|YP_424742.1|	96
901	MCCP01v2_0901|ID:20168544|	gi|83319811|ref|YP_424743.1|	97
902	MCCP01v2_0902|ID:20168545|lpp|	gi|83319634|ref|YP_424744.1|	96
903	MCCP01v2_0903|ID:20168546|	gi|83319478|ref|YP_424745.1|	100
904	MCCP01v2_0904|ID:20168547|	gi|83319360|ref|YP_424746.1|	96
905	MCCP01v2_0905|ID:20168548|lpp|	gi|83319269|ref|YP_424747.1|	63
906	MCCP01v2_0906|ID:20168549|	gi|83319393|ref|YP_424748.1|	61
907	MCCP01v2_0907|ID:20168550|	gi|83320022|ref|YP_424749.1|	77
908	MCCP01v2_0908|ID:20168551|	gi|83320022|ref|YP_424749.1|	77
909	MCCP01v2_0909|ID:20168552|	gi|83319911|ref|YP_424750.1|	95
910	MCCP01v2_0910|ID:20168553|	gi|83319426|ref|YP_424751.1|	99
911	MCCP01v2_0911|ID:20168554|	gi|83319948|ref|YP_424752.1|	98
912	MCCP01v2_0912|ID:20168555|engD|	gi|83319819|ref|YP_424753.1|	97
913	MCCP01v2_0913|ID:20168556|	gi|83319609|ref|YP_424754.1|	98
914	MCCP01v2_0914|ID:20168557|	gi|83319743|ref|YP_424755.1|	100
915	MCCP01v2_0915|ID:20168558|rsmG|	gi|83319743|ref|YP_424755.1|	94
916	MCCP01v2_0916|ID:20168559|rsmG|	gi|83319743|ref|YP_424755.1|	96
917	MCCP01v2_0917|ID:20168560|pgsA|	gi|83319934|ref|YP_424756.1|	96
918	MCCP01v2_0918|ID:20168561|	gi|83319547|ref|YP_424758.1|	48
919	MCCP01v2_0919|ID:20168562|	gi|83319992|ref|YP_424757.1|	98
920	MCCP01v2_0920|ID:20168563|	gi|83319547|ref|YP_424758.1|	99
921	MCCP01v2_0921|ID:20168564|	gi|83319694|ref|YP_424759.1|	97
922	MCCP01v2_0922|ID:20168565|	gi|83319694|ref|YP_424759.1|	94
923	MCCP01v2_0923|ID:20168566|	gi|83319694|ref|YP_424759.1|	98
924	MCCP01v2_0924|ID:20168567|	gi|83319694|ref|YP_424759.1|	96
925	MCCP01v2_0925|ID:20168568|	gi|83319548|ref|YP_424760.1|	97
926	MCCP01v2_0926|ID:20168569|	gi|83319548|ref|YP_424760.1|	65
927	MCCP01v2_0927|ID:20168570|	gi|83319708|ref|YP_424617.1|	24
928	MCCP01v2_0928|ID:20168571|	gi|83319340|ref|YP_424761.1|	100
929	MCCP01v2_0929|ID:20168572|	gi|83319492|ref|YP_424762.1|	91
930	MCCP01v2_0930|ID:20168573|	gi|83319921|ref|YP_424763.1|	94
931	MCCP01v2_0931|ID:20168574|asnA|	gi|83319586|ref|YP_424764.1|	98
932	MCCP01v2_0932|ID:20168575|rpsT|	gi|83319493|ref|YP_424765.1|	99
933	MCCP01v2_0933|ID:20168576|trmE|	gi|83319722|ref|YP_424766.1|	99
934	MCCP01v2_0934|ID:20168577|	gi|83320042|ref|YP_424767.1|	99
935	MCCP01v2_0935|ID:20168578|gcp|	gi|83319909|ref|YP_424768.1|	100
936	MCCP01v2_0936|ID:20168579|	gi|83319420|ref|YP_424769.1|	99
937	MCCP01v2_0937|ID:20168580|	gi|83319279|ref|YP_424770.1|	99
938	MCCP01v2_0938|ID:20168581|asnS|	gi|83319692|ref|YP_424771.1|	98
939	MCCP01v2_0939|ID:20168582|lpp|	gi|83319503|ref|YP_424772.1|	78
940	MCCP01v2_0940|ID:20168583|phnC|	gi|83319390|ref|YP_424773.1|	90
941	MCCP01v2_0941|ID:20168584|phnC|	gi|83319390|ref|YP_424773.1|	100
942	MCCP01v2_0942|ID:20168585|	gi|83320020|ref|YP_424774.1|	98
943	MCCP01v2_0943|ID:20168586|	gi|83320020|ref|YP_424774.1|	96
944	MCCP01v2_0944|ID:20168587|	gi|83319950|ref|YP_424775.1|	97
945	MCCP01v2_0945|ID:20168588|	gi|83319950|ref|YP_424775.1|	98
949	MCCP01v2_0949|ID:20168592|	gi|83319761|ref|YP_424776.1|	99
950	MCCP01v2_0950|ID:20168593|trxA|	gi|83319455|ref|YP_424777.1|	99
951	MCCP01v2_0951|ID:20168594|lysS|	gi|83319783|ref|YP_424778.1|	99
952	MCCP01v2_0952|ID:20168595|dusB|	gi|83320047|ref|YP_424779.1|	99
953	MCCP01v2_0953|ID:20168596|	gi|83319857|ref|YP_424780.1|	98
954	MCCP01v2_0954|ID:20168597|serS|	gi|83319858|ref|YP_424781.1|	99
955	MCCP01v2_0955|ID:20168598|	gi|83319688|ref|YP_424782.1|	99
957	MCCP01v2_0957|ID:20168600|	gi|83319584|ref|YP_424783.1|	98
958	MCCP01v2_0958|ID:20168601|	gi|83319599|ref|YP_424784.1|	99
959	MCCP01v2_0959|ID:20168602|	gi|83319501|ref|YP_424785.1|	85
960	MCCP01v2_0960|ID:20168603|	gi|83319501|ref|YP_424785.1|	96
961	MCCP01v2_0961|ID:20168604|	gi|83319501|ref|YP_424785.1|	95
962	MCCP01v2_0962|ID:20168605|	gi|83319501|ref|YP_424785.1|	91
963	MCCP01v2_0963|ID:20168606|	gi|83319501|ref|YP_424785.1|	92
964	MCCP01v2_0964|ID:20168607|	gi|83319451|ref|YP_424786.1|	98
965	MCCP01v2_0965|ID:20168608|bcp|	gi|83319345|ref|YP_424787.1|	99
966	MCCP01v2_0966|ID:20168609|lpp|	gi|83319744|ref|YP_424788.1|	98
968	MCCP01v2_0968|ID:20168611|	gi|83319414|ref|YP_424789.1|	98
969	MCCP01v2_0969|ID:20168612|	gi|83319802|ref|YP_424790.1|	93
970	MCCP01v2_0970|ID:20168613|deoD|	gi|83319883|ref|YP_424791.1|	99
971	MCCP01v2_0971|ID:20168614|	gi|83319649|ref|YP_424792.1|	98
972	MCCP01v2_0972|ID:20168615|	gi|83319812|ref|YP_424793.1|	99
973	MCCP01v2_0973|ID:20168616|	gi|83319812|ref|YP_424793.1|	79
974	MCCP01v2_0974|ID:20168617|	gi|83319812|ref|YP_424793.1|	95
975	MCCP01v2_0975|ID:20168618|pfkB|	gi|83319978|ref|YP_424794.1|	97
976	MCCP01v2_0976|ID:20168619|fruA|	gi|83319877|ref|YP_424795.1|	98
977	MCCP01v2_0977|ID:20168620|	gi|83319361|ref|YP_424796.1|	94
978	MCCP01v2_0978|ID:20168621|	gi|83319310|ref|YP_424797.1|	99
979	MCCP01v2_0979|ID:20168622|trmF|	gi|83319255|ref|YP_424798.1|	99
980	MCCP01v2_0980|ID:20168623|	gi|83319265|ref|YP_424799.1|	98
981	MCCP01v2_0981|ID:20168624|cdr|	gi|83319381|ref|YP_424800.1|	99
982	MCCP01v2_0982|ID:20168625|pncA|	gi|83319890|ref|YP_424801.1|	99
983	MCCP01v2_0983|ID:20168626|	gi|83319989|ref|YP_424802.1|	96
984	MCCP01v2_0984|ID:20168627|	gi|83319989|ref|YP_424802.1|	90
985	MCCP01v2_0985|ID:20168628|	gi|83319989|ref|YP_424802.1|	94
986	MCCP01v2_0986|ID:20168629|	gi|83319756|ref|YP_424803.1|	91
987	MCCP01v2_0987|ID:20168630|	gi|83319756|ref|YP_424803.1|	93
988	MCCP01v2_0988|ID:20168631|	gi|83319558|ref|YP_424804.1|	93
989	MCCP01v2_0989|ID:20168632|	gi|83319558|ref|YP_424804.1|	92
990	MCCP01v2_0990|ID:20168633|	gi|83319558|ref|YP_424804.1|	93
991	MCCP01v2_0991|ID:20168634|	gi|83319558|ref|YP_424804.1|	96
992	MCCP01v2_0992|ID:20168635|	gi|83319460|ref|YP_424805.1|	87
993	MCCP01v2_0993|ID:20168636|	gi|83319281|ref|YP_424806.1|	93
994	MCCP01v2_0994|ID:20168637|	gi|83319281|ref|YP_424806.1|	90
995	MCCP01v2_0995|ID:20168638|	gi|83319567|ref|YP_424807.1|	97
996	MCCP01v2_0996|ID:20168639|	gi|83319567|ref|YP_424807.1|	96
997	MCCP01v2_0997|ID:20168640|licA|	gi|83319714|ref|YP_424808.1|	99
998	MCCP01v2_0998|ID:20168641|	gi|83319291|ref|YP_424809.1|	98
999	MCCP01v2_0999|ID:20168642|	gi|83319291|ref|YP_424809.1|	95
1000	MCCP01v2_1000|ID:20168643|yidC|	gi|83319450|ref|YP_424810.1|	99
1001	MCCP01v2_1001|ID:20168644|rnpA|	gi|83319517|ref|YP_424811.1|	100
1002	MCCP01v2_1002|ID:20168645|rpmH|	gi|83319572|ref|YP_424812.1|	95
