Label,Frame,Begin,End,Length,length AA
MCCP01v2_0001,1,1,1353,1353,451
MCCP01v2_0002,3,1518,2645,1128,376
MCCP01v2_0003,3,2682,3215,534,178
MCCP01v2_0004,2,3215,4015,801,267
MCCP01v2_0005,2,4070,4738,669,223
MCCP01v2_0006,3,4905,5165,261,87
MCCP01v2_0007,2,5330,5773,444,148
MCCP01v2_0008,3,5853,7862,2010,670
MCCP01v2_0009,1,7864,8454,591,197
MCCP01v2_0010,3,8457,9098,642,214
MCCP01v2_0011,1,9076,9819,744,248
MCCP01v2_0012,3,9819,10541,723,241
MCCP01v2_0013,2,10592,11413,822,274
MCCP01v2_0014,3,11418,12623,1206,402
MCCP01v2_0015,-2,12620,12769,150,50
MCCP01v2_0016,-3,12748,13455,708,236
MCCP01v2_0017,3,13689,15632,1944,648
MCCP01v2_0018,-2,15683,16732,1050,350
MCCP01v2_0019,-2,17807,23203,5397,1799
MCCP01v2_0020,1,23347,26502,3156,1052
MCCP01v2_0021,2,26627,29779,3153,1051
MCCP01v2_0022,2,29927,30793,867,289
MCCP01v2_0023,1,30841,31878,1038,346
MCCP01v2_0024,-3,31930,32529,600,200
MCCP01v2_0025,3,32502,32714,213,71
MCCP01v2_0026,1,32716,32922,207,69
MCCP01v2_0027,2,33125,33538,414,138
MCCP01v2_0028,2,33554,33994,441,147
MCCP01v2_0029,2,34013,34240,228,76
MCCP01v2_0030,1,34831,36219,1389,463
MCCP01v2_0031,2,36494,37783,1290,430
MCCP01v2_0032,1,37795,38043,249,83
MCCP01v2_0033,3,38043,38801,759,253
MCCP01v2_0034,2,38801,39217,417,139
MCCP01v2_0035,3,39261,40058,798,266
MCCP01v2_0036,3,40059,40361,303,101
MCCP01v2_0037,2,40400,41053,654,218
MCCP01v2_0038,-1,41526,42413,888,296
MCCP01v2_0039,-2,42668,44272,1605,535
MCCP01v2_0040,1,44470,45999,1530,510
MCCP01v2_0041,2,46190,47833,1644,548
MCCP01v2_0042,1,47851,49458,1608,536
MCCP01v2_0043,2,49448,51979,2532,844
MCCP01v2_0044,1,52009,52986,978,326
MCCP01v2_0045,-3,53056,55560,2505,835
MCCP01v2_0046,-1,55575,57479,1905,635
MCCP01v2_0047,-1,57879,58550,672,224
MCCP01v2_0048,-2,58952,59494,543,181
MCCP01v2_0049,-1,59781,60086,306,102
MCCP01v2_0050,-3,61237,64071,2835,945
MCCP01v2_0051,3,64152,64727,576,192
MCCP01v2_0052,2,64823,65737,915,305
MCCP01v2_0053,1,65887,68580,2694,898
MCCP01v2_0054,2,68582,69703,1122,374
MCCP01v2_0055,2,69851,70744,894,298
MCCP01v2_0056,2,70985,71302,318,106
MCCP01v2_0057,3,71310,72470,1161,387
MCCP01v2_0058,2,72578,72904,327,109
MCCP01v2_0059,-1,72972,73121,150,50
MCCP01v2_0060,-2,73208,73891,684,228
MCCP01v2_0061,-3,73843,74331,489,163
MCCP01v2_0062,-1,74361,74903,543,181
MCCP01v2_0063,-3,75199,75486,288,96
MCCP01v2_0064,-3,75934,76170,237,79
MCCP01v2_0065,3,76551,77111,561,187
MCCP01v2_0066,3,77388,77495,108,36
MCCP01v2_0067,2,77789,78220,432,144
MCCP01v2_0068,2,78347,79069,723,241
MCCP01v2_0069,2,79091,79561,471,157
MCCP01v2_0070,-3,81610,82497,888,296
MCCP01v2_0071,-3,82672,82911,240,80
MCCP01v2_0072,2,83285,83560,276,92
MCCP01v2_0073,3,83550,84116,567,189
MCCP01v2_0074,-2,84200,84928,729,243
MCCP01v2_0075,-3,84928,85143,216,72
MCCP01v2_0076,-2,85136,86542,1407,469
MCCP01v2_0077,-1,86544,86942,399,133
MCCP01v2_0078,-2,86954,88024,1071,357
MCCP01v2_0079,-3,88051,88920,870,290
MCCP01v2_0080,-2,88913,89665,753,251
MCCP01v2_0081,3,90225,91799,1575,525
MCCP01v2_0082,2,91802,92680,879,293
MCCP01v2_0083,2,92882,93310,429,143
MCCP01v2_0084,1,93310,93990,681,227
MCCP01v2_0085,1,94222,94719,498,166
MCCP01v2_0086,1,94786,95154,369,123
MCCP01v2_0087,3,95325,96497,1173,391
MCCP01v2_0088,1,96487,100350,3864,1288
MCCP01v2_0089,3,100362,104129,3768,1256
MCCP01v2_0090,1,104605,105585,981,327
MCCP01v2_0091,1,106099,106404,306,102
MCCP01v2_0092,-2,106418,106714,297,99
MCCP01v2_0093,2,106793,107236,444,148
MCCP01v2_0094,3,107220,108461,1242,414
MCCP01v2_0095,1,108562,109185,624,208
MCCP01v2_0096,2,109325,109723,399,133
MCCP01v2_0097,1,109723,110583,861,287
MCCP01v2_0098,3,110622,110927,306,102
MCCP01v2_0099,3,110955,111500,546,182
MCCP01v2_0100,1,111502,112047,546,182
MCCP01v2_0101,3,112059,113636,1578,526
MCCP01v2_0102,1,113638,114480,843,281
MCCP01v2_0103,3,114489,115919,1431,477
MCCP01v2_0104,2,115919,116218,300,100
MCCP01v2_0105,-1,116277,117488,1212,404
MCCP01v2_0106,2,117827,120655,2829,943
MCCP01v2_0107,-3,121153,121302,150,50
MCCP01v2_0108,2,121490,121978,489,163
MCCP01v2_0109,1,121981,122700,720,240
MCCP01v2_0110,3,122718,123656,939,313
MCCP01v2_0111,2,123716,124396,681,227
MCCP01v2_0112,3,124386,125069,684,228
MCCP01v2_0113,1,124957,125337,381,127
MCCP01v2_0114,-3,125827,126468,642,214
MCCP01v2_0115,-1,126462,126647,186,62
MCCP01v2_0116,-3,126739,127866,1128,376
MCCP01v2_0117,-3,127981,130182,2202,734
MCCP01v2_0118,-2,130589,131092,504,168
MCCP01v2_0119,-3,131092,131538,447,149
MCCP01v2_0120,-3,131548,133662,2115,705
MCCP01v2_0121,-1,133698,133982,285,95
MCCP01v2_0122,1,134236,135255,1020,340
MCCP01v2_0123,1,135265,135738,474,158
MCCP01v2_0124,2,135725,137887,2163,721
MCCP01v2_0125,2,138170,139204,1035,345
MCCP01v2_0126,2,139511,140071,561,187
MCCP01v2_0127,3,140214,140657,444,148
MCCP01v2_0128,1,140659,141987,1329,443
MCCP01v2_0129,3,142053,143339,1287,429
MCCP01v2_0130,3,143466,144392,927,309
MCCP01v2_0131,2,144401,145726,1326,442
MCCP01v2_0132,3,145728,146462,735,245
MCCP01v2_0133,3,146523,146684,162,54
MCCP01v2_0134,2,146684,146998,315,105
MCCP01v2_0135,3,147015,147659,645,215
MCCP01v2_0136,2,148106,154003,5898,1966
MCCP01v2_0137,1,154012,156966,2955,985
MCCP01v2_0138,3,156966,158039,1074,358
MCCP01v2_0139,1,158041,159051,1011,337
MCCP01v2_0140,1,159061,160503,1443,481
MCCP01v2_0141,1,160504,161832,1329,443
MCCP01v2_0142,-3,161863,162291,429,143
MCCP01v2_0143,1,162361,163119,759,253
MCCP01v2_0144,1,163162,163749,588,196
MCCP01v2_0145,3,163809,164099,291,97
MCCP01v2_0146,1,164107,164316,210,70
MCCP01v2_0147,2,164246,164677,432,144
MCCP01v2_0148,-1,164751,165410,660,220
MCCP01v2_0149,-3,165424,165546,123,41
MCCP01v2_0150,3,165732,165965,234,78
MCCP01v2_0151,1,165931,166494,564,188
MCCP01v2_0152,3,166527,166958,432,144
MCCP01v2_0153,3,167175,168764,1590,530
MCCP01v2_0154,1,168769,169632,864,288
MCCP01v2_0155,1,169828,170595,768,256
MCCP01v2_0156,1,170599,172281,1683,561
MCCP01v2_0157,2,172412,173863,1452,484
MCCP01v2_0158,1,173866,175074,1209,403
MCCP01v2_0159,1,175105,175542,438,146
MCCP01v2_0160,3,175635,177233,1599,533
MCCP01v2_0161,3,177378,178349,972,324
MCCP01v2_0162,3,178689,179309,621,207
MCCP01v2_0163,2,179387,180355,969,323
MCCP01v2_0164,-3,180568,181233,666,222
MCCP01v2_0165,-3,181252,182061,810,270
MCCP01v2_0166,2,182270,183733,1464,488
MCCP01v2_0167,2,183815,184522,708,236
MCCP01v2_0168,2,184658,184936,279,93
MCCP01v2_0169,1,185011,186939,1929,643
MCCP01v2_0170,1,186949,187899,951,317
MCCP01v2_0171,3,187902,188531,630,210
MCCP01v2_0172,2,188534,189625,1092,364
MCCP01v2_0173,3,189618,190466,849,283
MCCP01v2_0174,2,190475,191947,1473,491
MCCP01v2_0175,1,191956,192456,501,167
MCCP01v2_0176,2,192563,193477,915,305
MCCP01v2_0177,1,193597,194304,708,236
MCCP01v2_0178,3,194304,195833,1530,510
MCCP01v2_0179,1,195958,196377,420,140
MCCP01v2_0180,3,196470,196937,468,156
MCCP01v2_0181,2,196964,199033,2070,690
MCCP01v2_0182,1,199165,200352,1188,396
MCCP01v2_0183,1,200554,201381,828,276
MCCP01v2_0184,3,201408,202316,909,303
MCCP01v2_0185,1,202300,204567,2268,756
MCCP01v2_0186,1,204754,206109,1356,452
MCCP01v2_0187,-1,206427,207596,1170,390
MCCP01v2_0188,-2,207803,210493,2691,897
MCCP01v2_0189,-1,210564,211058,495,165
MCCP01v2_0190,3,211053,211247,195,65
MCCP01v2_0191,3,211275,212519,1245,415
MCCP01v2_0192,3,212535,213545,1011,337
MCCP01v2_0193,1,213559,215259,1701,567
MCCP01v2_0194,2,215261,217138,1878,626
MCCP01v2_0195,3,217155,220238,3084,1028
MCCP01v2_0196,3,220341,220718,378,126
MCCP01v2_0197,1,220906,221604,699,233
MCCP01v2_0198,-3,221761,221937,177,59
MCCP01v2_0199,-3,222220,223059,840,280
MCCP01v2_0200,3,223491,224372,882,294
MCCP01v2_0201,-1,224406,226046,1641,547
MCCP01v2_0202,-2,226784,228583,1800,600
MCCP01v2_0203,-1,228702,229322,621,207
MCCP01v2_0204,-2,229466,230380,915,305
MCCP01v2_0205,3,230586,230717,132,44
MCCP01v2_0206,3,230736,231317,582,194
MCCP01v2_0207,1,231325,231618,294,98
MCCP01v2_0208,3,231744,232598,855,285
MCCP01v2_0209,3,232662,233198,537,179
MCCP01v2_0210,1,233200,233406,207,69
MCCP01v2_0211,2,233411,233620,210,70
MCCP01v2_0212,3,233565,233831,267,89
MCCP01v2_0213,1,233953,235176,1224,408
MCCP01v2_0214,1,235225,235629,405,135
MCCP01v2_0215,-3,235657,235809,153,51
MCCP01v2_0216,2,235922,237268,1347,449
MCCP01v2_0217,1,237301,238191,891,297
MCCP01v2_0218,2,238193,238561,369,123
MCCP01v2_0219,1,238666,239280,615,205
MCCP01v2_0220,1,239386,240030,645,215
MCCP01v2_0221,1,240394,241683,1290,430
MCCP01v2_0222,2,241685,243289,1605,535
MCCP01v2_0223,2,243311,243628,318,106
MCCP01v2_0224,3,243882,244031,150,50
MCCP01v2_0225,-2,244061,245854,1794,598
MCCP01v2_0226,-3,245854,246537,684,228
MCCP01v2_0227,-2,246554,247909,1356,452
MCCP01v2_0228,-1,248025,249320,1296,432
MCCP01v2_0229,2,249563,250183,621,207
MCCP01v2_0230,1,250183,250860,678,226
MCCP01v2_0231,-1,250740,250913,174,58
MCCP01v2_0232,1,251128,251508,381,127
MCCP01v2_0233,-1,251883,252209,327,109
MCCP01v2_0234,-2,252134,253114,981,327
MCCP01v2_0235,-3,253516,254142,627,209
MCCP01v2_0236,-3,254356,254721,366,122
MCCP01v2_0237,-3,254905,255099,195,65
MCCP01v2_0238,-2,255131,255586,456,152
MCCP01v2_0239,-1,255606,255737,132,44
MCCP01v2_0240,-3,255943,256347,405,135
MCCP01v2_0241,-2,257369,259927,2559,853
MCCP01v2_0242,-2,259958,260467,510,170
MCCP01v2_0243,-1,260511,262289,1779,593
MCCP01v2_0244,-2,262385,263320,936,312
MCCP01v2_0245,-2,263396,263638,243,81
MCCP01v2_0246,-3,263623,264993,1371,457
MCCP01v2_0247,-1,265428,265628,201,67
MCCP01v2_0248,-3,265738,267120,1383,461
MCCP01v2_0249,-2,267254,268528,1275,425
MCCP01v2_0250,1,268642,269106,465,155
MCCP01v2_0251,-1,269403,272516,3114,1038
MCCP01v2_0252,-2,272501,273493,993,331
MCCP01v2_0253,-3,273493,274548,1056,352
MCCP01v2_0254,-3,274912,275271,360,120
MCCP01v2_0255,-3,275290,275481,192,64
MCCP01v2_0256,-2,275507,276052,546,182
MCCP01v2_0257,-3,276241,276843,603,201
MCCP01v2_0258,2,276917,277474,558,186
MCCP01v2_0259,1,277477,278370,894,298
MCCP01v2_0260,2,278360,279631,1272,424
MCCP01v2_0261,3,279624,280649,1026,342
MCCP01v2_0262,1,280642,281406,765,255
MCCP01v2_0263,-1,281439,283268,1830,610
MCCP01v2_0264,2,283547,283738,192,64
MCCP01v2_0265,2,283916,284332,417,139
MCCP01v2_0266,2,284405,284638,234,78
MCCP01v2_0267,3,284742,285218,477,159
MCCP01v2_0268,1,285400,286755,1356,452
MCCP01v2_0269,3,286821,287642,822,274
MCCP01v2_0270,1,287644,288075,432,144
MCCP01v2_0271,3,288081,288653,573,191
MCCP01v2_0272,-2,288701,289480,780,260
MCCP01v2_0273,-3,289516,291033,1518,506
MCCP01v2_0274,-2,291050,292213,1164,388
MCCP01v2_0275,1,292552,293532,981,327
MCCP01v2_0276,3,293601,294713,1113,371
MCCP01v2_0277,1,294685,295038,354,118
MCCP01v2_0278,3,295308,297227,1920,640
MCCP01v2_0279,2,297857,299224,1368,456
MCCP01v2_0280,1,299236,300240,1005,335
MCCP01v2_0281,2,300275,301387,1113,371
MCCP01v2_0282,1,301387,302376,990,330
MCCP01v2_0283,2,302405,303721,1317,439
MCCP01v2_0284,3,303741,305531,1791,597
MCCP01v2_0285,3,305553,306521,969,323
MCCP01v2_0286,1,306535,307716,1182,394
MCCP01v2_0287,2,307784,308929,1146,382
MCCP01v2_0288,1,308950,309744,795,265
MCCP01v2_0289,1,309754,310176,423,141
MCCP01v2_0290,3,310269,311990,1722,574
MCCP01v2_0291,1,312073,312537,465,155
MCCP01v2_0292,2,313031,313657,627,209
MCCP01v2_0293,3,313665,314054,390,130
MCCP01v2_0294,-2,314111,314737,627,209
MCCP01v2_0295,2,314993,316780,1788,596
MCCP01v2_0296,1,316789,317976,1188,396
MCCP01v2_0297,2,318107,320077,1971,657
MCCP01v2_0298,1,320314,320886,573,191
MCCP01v2_0299,2,321872,322588,717,239
MCCP01v2_0300,2,322622,323023,402,134
MCCP01v2_0301,3,323481,324167,687,229
MCCP01v2_0302,1,324289,324900,612,204
MCCP01v2_0303,1,325135,326559,1425,475
MCCP01v2_0304,2,326678,327199,522,174
MCCP01v2_0305,-1,327225,330140,2916,972
MCCP01v2_0306,-2,330149,330739,591,197
MCCP01v2_0307,-3,330733,330978,246,82
MCCP01v2_0308,-1,331296,331874,579,193
MCCP01v2_0309,-2,331877,332566,690,230
MCCP01v2_0310,2,332648,333343,696,232
MCCP01v2_0311,-2,333344,334066,723,241
MCCP01v2_0312,-3,334126,334599,474,158
MCCP01v2_0313,-2,334691,336445,1755,585
MCCP01v2_0314,-3,336454,337530,1077,359
MCCP01v2_0315,-2,337601,338716,1116,372
MCCP01v2_0316,-1,338808,339197,390,130
MCCP01v2_0317,-2,339326,341077,1752,584
MCCP01v2_0318,-1,341196,341498,303,101
MCCP01v2_0319,-3,341479,341916,438,146
MCCP01v2_0320,-1,341928,342725,798,266
MCCP01v2_0321,-1,342849,345467,2619,873
MCCP01v2_0322,3,345546,345608,63,21
MCCP01v2_0323,-2,345551,346177,627,209
MCCP01v2_0324,-1,346167,346844,678,226
MCCP01v2_0325,-3,346846,347748,903,301
MCCP01v2_0326,-3,347758,348873,1116,372
MCCP01v2_0327,-1,348873,349631,759,253
MCCP01v2_0328,-2,349703,350476,774,258
MCCP01v2_0329,2,351644,352096,453,151
MCCP01v2_0330,2,352145,352282,138,46
MCCP01v2_0331,1,352300,352947,648,216
MCCP01v2_0332,2,352973,353356,384,128
MCCP01v2_0333,2,353435,354040,606,202
MCCP01v2_0334,2,354080,354223,144,48
MCCP01v2_0335,3,354693,354983,291,97
MCCP01v2_0336,2,355049,355786,738,246
MCCP01v2_0337,1,355786,355998,213,71
MCCP01v2_0338,1,356422,356964,543,181
MCCP01v2_0339,1,356980,357474,495,165
MCCP01v2_0340,1,357529,357720,192,64
MCCP01v2_0341,3,357810,358091,282,94
MCCP01v2_0342,1,359131,359691,561,187
MCCP01v2_0343,3,359817,360002,186,62
MCCP01v2_0344,2,360278,360898,621,207
MCCP01v2_0345,3,361068,361679,612,204
MCCP01v2_0346,2,361730,362143,414,138
MCCP01v2_0347,3,362226,362582,357,119
MCCP01v2_0348,2,362711,363259,549,183
MCCP01v2_0349,1,363313,363576,264,88
MCCP01v2_0350,1,364183,364986,804,268
MCCP01v2_0351,1,364987,365655,669,223
MCCP01v2_0352,2,366146,366616,471,157
MCCP01v2_0353,3,366828,367205,378,126
MCCP01v2_0354,3,367284,367829,546,182
MCCP01v2_0355,3,367896,368513,618,206
MCCP01v2_0356,1,368530,368793,264,88
MCCP01v2_0357,3,368856,369416,561,187
MCCP01v2_0358,1,369595,370854,1260,420
MCCP01v2_0359,3,371079,371648,570,190
MCCP01v2_0360,2,372341,374887,2547,849
MCCP01v2_0361,3,374862,376085,1224,408
MCCP01v2_0362,-2,376598,377005,408,136
MCCP01v2_0363,-1,377277,377441,165,55
MCCP01v2_0364,-3,377488,377940,453,151
MCCP01v2_0365,-2,378215,378685,471,157
MCCP01v2_0366,-3,378724,380208,1485,495
MCCP01v2_0367,-2,380159,380644,486,162
MCCP01v2_0368,-1,380850,381104,255,85
MCCP01v2_0369,-3,381088,381492,405,135
MCCP01v2_0370,-3,381496,381981,486,162
MCCP01v2_0371,-3,381997,382392,396,132
MCCP01v2_0372,-2,382493,383362,870,290
MCCP01v2_0373,-1,383313,384164,852,284
MCCP01v2_0374,-3,384334,384876,543,181
MCCP01v2_0375,1,384988,385404,417,139
MCCP01v2_0376,3,385407,385970,564,188
MCCP01v2_0377,-3,386026,386751,726,242
MCCP01v2_0378,-3,386752,387384,633,211
MCCP01v2_0379,-3,387619,388956,1338,446
MCCP01v2_0380,-1,389157,392573,3417,1139
MCCP01v2_0381,-2,393038,393673,636,212
MCCP01v2_0382,-3,393853,394143,291,97
MCCP01v2_0383,-2,394106,394435,330,110
MCCP01v2_0384,3,394659,397529,2871,957
MCCP01v2_0385,1,397519,397686,168,56
MCCP01v2_0386,2,397844,397954,111,37
MCCP01v2_0387,3,398103,398378,276,92
MCCP01v2_0388,1,398515,398691,177,59
MCCP01v2_0389,1,399727,400419,693,231
MCCP01v2_0390,2,400400,401824,1425,475
MCCP01v2_0391,2,401837,402457,621,207
MCCP01v2_0392,3,402459,403358,900,300
MCCP01v2_0393,1,403372,405174,1803,601
MCCP01v2_0394,2,405209,406012,804,268
MCCP01v2_0395,-3,406033,407760,1728,576
MCCP01v2_0396,-1,407769,409013,1245,415
MCCP01v2_0397,3,409200,409553,354,118
MCCP01v2_0398,3,409752,410348,597,199
MCCP01v2_0399,3,410466,411020,555,185
MCCP01v2_0400,-2,411035,413086,2052,684
MCCP01v2_0401,-3,413098,414936,1839,613
MCCP01v2_0402,2,415148,415414,267,89
MCCP01v2_0403,2,415637,416287,651,217
MCCP01v2_0404,-1,416301,418163,1863,621
MCCP01v2_0405,-3,418183,418482,300,100
MCCP01v2_0406,-2,418469,418750,282,94
MCCP01v2_0407,-1,418731,420407,1677,559
MCCP01v2_0408,-2,420416,420910,495,165
MCCP01v2_0409,-1,421023,421673,651,217
MCCP01v2_0410,-1,421686,426125,4440,1480
MCCP01v2_0411,-2,426134,427162,1029,343
,,,,,40
MCCP01v2_0413,-3,427360,428436,1077,359
MCCP01v2_0414,1,428593,429603,1011,337
MCCP01v2_0415,-1,429633,430523,891,297
MCCP01v2_0416,1,431125,431784,660,220
MCCP01v2_0417,1,431857,432600,744,248
MCCP01v2_0418,3,432750,434114,1365,455
MCCP01v2_0419,2,433979,434779,801,267
MCCP01v2_0420,1,434779,435255,477,159
MCCP01v2_0421,3,435624,435731,108,36
MCCP01v2_0422,2,436250,436612,363,121
MCCP01v2_0423,2,437123,437515,393,131
MCCP01v2_0424,3,437553,437693,141,47
MCCP01v2_0425,3,438294,440462,2169,723
MCCP01v2_0426,2,440486,442495,2010,670
MCCP01v2_0427,2,442757,443134,378,126
MCCP01v2_0428,-2,443300,444025,726,242
MCCP01v2_0429,-2,444026,445066,1041,347
MCCP01v2_0430,1,445243,445572,330,110
MCCP01v2_0431,2,446036,447481,1446,482
MCCP01v2_0432,3,447510,450146,2637,879
MCCP01v2_0433,3,450333,452561,2229,743
MCCP01v2_0434,3,452580,455225,2646,882
MCCP01v2_0435,3,455277,456692,1416,472
MCCP01v2_0436,3,456702,457199,498,166
MCCP01v2_0437,1,457201,458112,912,304
MCCP01v2_0438,3,458115,458576,462,154
MCCP01v2_0439,1,458563,460860,2298,766
MCCP01v2_0440,2,460865,462415,1551,517
MCCP01v2_0441,1,462415,463794,1380,460
MCCP01v2_0442,-3,463849,465090,1242,414
MCCP01v2_0443,-1,465096,465851,756,252
MCCP01v2_0444,-2,466106,466351,246,82
MCCP01v2_0445,-1,466614,469166,2553,851
MCCP01v2_0446,-2,469319,471808,2490,830
MCCP01v2_0447,3,471990,472589,600,200
MCCP01v2_0448,1,472603,473148,546,182
MCCP01v2_0449,3,473148,474014,867,289
MCCP01v2_0450,3,474180,476321,2142,714
MCCP01v2_0451,1,476326,477348,1023,341
MCCP01v2_0452,2,477332,477952,621,207
MCCP01v2_0453,1,478012,479787,1776,592
MCCP01v2_0454,2,479852,480970,1119,373
MCCP01v2_0455,1,481174,482049,876,292
MCCP01v2_0456,3,482061,482948,888,296
MCCP01v2_0457,2,482951,483556,606,202
MCCP01v2_0458,1,483688,484401,714,238
MCCP01v2_0459,2,484412,484960,549,183
MCCP01v2_0460,3,484962,486626,1665,555
,,,,,40
,,,,,40
MCCP01v2_0463,1,491791,496236,4446,1482
MCCP01v2_0464,3,496248,496856,609,203
MCCP01v2_0465,2,496865,497938,1074,358
MCCP01v2_0466,1,497947,500331,2385,795
MCCP01v2_0467,3,500331,500846,516,172
MCCP01v2_0468,2,500861,501040,180,60
MCCP01v2_0469,3,501129,501542,414,138
MCCP01v2_0470,2,501551,502480,930,310
MCCP01v2_0471,1,502489,502818,330,110
MCCP01v2_0472,3,502977,503246,270,90
MCCP01v2_0473,2,503261,503644,384,128
MCCP01v2_0474,3,503760,504899,1140,380
MCCP01v2_0475,3,504912,505355,444,148
MCCP01v2_0476,2,505388,506377,990,330
MCCP01v2_0477,3,507003,509729,2727,909
MCCP01v2_0478,2,509738,510346,609,203
MCCP01v2_0479,3,510327,511259,933,311
MCCP01v2_0480,1,511252,512553,1302,434
MCCP01v2_0481,3,512559,513041,483,161
MCCP01v2_0482,3,513081,514067,987,329
MCCP01v2_0483,2,514328,515260,933,311
MCCP01v2_0484,1,515293,515697,405,135
MCCP01v2_0485,2,515717,516049,333,111
MCCP01v2_0486,1,516091,517245,1155,385
MCCP01v2_0487,1,517381,518334,954,318
MCCP01v2_0488,3,518385,519002,618,206
MCCP01v2_0489,-2,519644,520708,1065,355
MCCP01v2_0490,3,520881,521024,144,48
MCCP01v2_0491,2,521084,522016,933,311
MCCP01v2_0492,1,521998,522399,402,134
MCCP01v2_0493,1,522544,522846,303,101
MCCP01v2_0494,3,522849,523163,315,105
MCCP01v2_0495,1,523165,523446,282,94
MCCP01v2_0496,2,523640,524527,888,296
MCCP01v2_0497,2,524531,525271,741,247
MCCP01v2_0498,2,525455,525802,348,116
MCCP01v2_0499,1,526096,526245,150,50
MCCP01v2_0500,3,526254,526703,450,150
MCCP01v2_0501,1,526696,527571,876,292
MCCP01v2_0502,2,527651,528331,681,227
MCCP01v2_0503,2,528485,529834,1350,450
MCCP01v2_0504,2,529916,530350,435,145
MCCP01v2_0505,2,530375,530998,624,208
MCCP01v2_0506,2,531179,531883,705,235
MCCP01v2_0507,1,531958,532356,399,133
MCCP01v2_0508,-3,532369,534387,2019,673
MCCP01v2_0509,1,534463,535278,816,272
MCCP01v2_0510,-2,535322,536683,1362,454
MCCP01v2_0511,-1,536790,537713,924,308
MCCP01v2_0512,-3,537739,538299,561,187
MCCP01v2_0513,-2,538409,538573,165,55
MCCP01v2_0514,3,538827,539570,744,248
MCCP01v2_0515,3,540066,540284,219,73
MCCP01v2_0516,1,540175,540405,231,77
MCCP01v2_0517,1,540472,540693,222,74
MCCP01v2_0518,2,541403,541663,261,87
MCCP01v2_0519,-3,541711,543435,1725,575
MCCP01v2_0520,3,543588,545240,1653,551
MCCP01v2_0521,1,545245,545844,600,200
MCCP01v2_0522,-1,545859,546665,807,269
MCCP01v2_0523,3,546759,547916,1158,386
MCCP01v2_0524,3,547968,548921,954,318
MCCP01v2_0525,1,549133,549672,540,180
MCCP01v2_0526,1,549820,550197,378,126
MCCP01v2_0527,-2,550223,551020,798,266
MCCP01v2_0528,-1,551034,551822,789,263
MCCP01v2_0529,3,552009,552353,345,115
MCCP01v2_0530,1,552361,553212,852,284
MCCP01v2_0531,2,553190,554227,1038,346
MCCP01v2_0532,1,554227,555405,1179,393
MCCP01v2_0533,-2,555782,557683,1902,634
MCCP01v2_0534,-1,557793,558596,804,268
MCCP01v2_0535,-3,558574,559578,1005,335
MCCP01v2_0536,-2,559571,560782,1212,404
MCCP01v2_0537,-3,560788,562143,1356,452
MCCP01v2_0538,-3,562342,562983,642,214
MCCP01v2_0539,-3,563095,565794,2700,900
MCCP01v2_0540,-2,565796,567727,1932,644
MCCP01v2_0541,3,568359,569552,1194,398
MCCP01v2_0542,1,569539,569907,369,123
MCCP01v2_0543,2,569975,570874,900,300
MCCP01v2_0544,-1,570930,572345,1416,472
MCCP01v2_0545,-1,572511,573278,768,256
MCCP01v2_0546,-3,573295,573798,504,168
MCCP01v2_0547,-1,573837,574199,363,121
MCCP01v2_0548,-1,574308,575591,1284,428
MCCP01v2_0549,-2,575831,577249,1419,473
MCCP01v2_0550,-2,577571,577726,156,52
MCCP01v2_0551,-1,577740,578309,570,190
MCCP01v2_0552,-3,578302,578739,438,146
MCCP01v2_0553,-3,578743,579981,1239,413
MCCP01v2_0554,2,580184,583075,2892,964
MCCP01v2_0555,1,583075,585237,2163,721
MCCP01v2_0556,3,585240,585638,399,133
MCCP01v2_0557,-3,585658,586638,981,327
MCCP01v2_0558,-1,586707,587363,657,219
MCCP01v2_0559,-3,587356,588285,930,310
MCCP01v2_0560,-3,588505,589728,1224,408
MCCP01v2_0561,-2,589721,590404,684,228
MCCP01v2_0562,-3,590395,591558,1164,388
MCCP01v2_0563,-1,591768,592541,774,258
MCCP01v2_0564,-2,592529,592870,342,114
MCCP01v2_0565,-1,592854,594128,1275,425
MCCP01v2_0566,-2,594197,594868,672,224
MCCP01v2_0567,-3,594877,595686,810,270
MCCP01v2_0568,-2,595679,597769,2091,697
MCCP01v2_0569,-2,597773,598984,1212,404
MCCP01v2_0570,-3,599074,599508,435,145
MCCP01v2_0571,1,600094,600423,330,110
MCCP01v2_0572,3,600453,602096,1644,548
MCCP01v2_0573,1,602128,603132,1005,335
MCCP01v2_0574,2,603122,603820,699,233
MCCP01v2_0575,2,603947,604399,453,151
MCCP01v2_0576,1,604402,604788,387,129
MCCP01v2_0577,2,605114,608080,2967,989
MCCP01v2_0578,-3,608119,610383,2265,755
MCCP01v2_0579,-1,610443,610955,513,171
MCCP01v2_0580,-2,610967,615181,4215,1405
MCCP01v2_0581,-3,615283,616794,1512,504
MCCP01v2_0582,-1,616833,618194,1362,454
MCCP01v2_0583,-2,618203,618979,777,259
MCCP01v2_0584,-1,618966,619643,678,226
MCCP01v2_0585,-2,619643,621163,1521,507
MCCP01v2_0586,-3,621166,622980,1815,605
MCCP01v2_0587,-3,623017,624387,1371,457
MCCP01v2_0588,-3,624451,625200,750,250
MCCP01v2_0589,-1,625200,626105,906,302
MCCP01v2_0590,-2,626108,626602,495,165
MCCP01v2_0591,-3,626608,628359,1752,584
MCCP01v2_0592,-2,628352,628900,549,183
MCCP01v2_0593,-3,628948,634209,5262,1754
MCCP01v2_0594,2,634358,636829,2472,824
MCCP01v2_0595,1,636868,638322,1455,485
MCCP01v2_0596,3,638460,638618,159,53
MCCP01v2_0597,1,638749,639111,363,121
MCCP01v2_0598,2,639167,641455,2289,763
MCCP01v2_0599,-2,641447,642706,1260,420
MCCP01v2_0600,-1,642819,645158,2340,780
MCCP01v2_0601,-3,645277,646563,1287,429
MCCP01v2_0602,-2,646580,646882,303,101
MCCP01v2_0603,-3,646900,647454,555,185
MCCP01v2_0604,-1,647544,648497,954,318
MCCP01v2_0605,-3,648487,650631,2145,715
MCCP01v2_0606,-2,650708,651325,618,206
MCCP01v2_0607,-3,651367,652494,1128,376
MCCP01v2_0608,-1,652773,653474,702,234
MCCP01v2_0609,-1,654261,654524,264,88
MCCP01v2_0610,-1,654549,654923,375,125
MCCP01v2_0611,-1,654945,655760,816,272
MCCP01v2_0612,-2,655976,656620,645,215
MCCP01v2_0613,-3,656749,656991,243,81
MCCP01v2_0614,-2,656948,657313,366,122
MCCP01v2_0615,-1,657303,658406,1104,368
MCCP01v2_0616,-2,658424,658669,246,82
MCCP01v2_0617,-1,658650,659423,774,258
MCCP01v2_0618,-3,659425,660726,1302,434
MCCP01v2_0619,-2,660797,661051,255,85
MCCP01v2_0620,-2,661097,661849,753,251
MCCP01v2_0621,-1,662037,663641,1605,535
MCCP01v2_0622,-1,663681,665534,1854,618
MCCP01v2_0623,-2,665552,667423,1872,624
MCCP01v2_0624,-3,667639,667944,306,102
MCCP01v2_0625,1,668203,668841,639,213
MCCP01v2_0626,2,669539,671131,1593,531
MCCP01v2_0627,-1,671154,671777,624,208
MCCP01v2_0628,-2,671771,672721,951,317
MCCP01v2_0629,-3,672814,673206,393,131
MCCP01v2_0630,-2,673208,673930,723,241
MCCP01v2_0631,-1,673932,674426,495,165
MCCP01v2_0632,-2,674444,674770,327,109
MCCP01v2_0633,-1,674859,675326,468,156
MCCP01v2_0634,-2,675332,676675,1344,448
MCCP01v2_0635,-3,676705,678234,1530,510
MCCP01v2_0636,-2,678386,679423,1038,346
MCCP01v2_0637,-1,679464,680012,549,183
MCCP01v2_0638,-3,680197,680346,150,50
MCCP01v2_0639,3,680931,681440,510,170
MCCP01v2_0640,-3,681412,681948,537,179
MCCP01v2_0641,-3,682006,682278,273,91
MCCP01v2_0642,-1,682473,683309,837,279
MCCP01v2_0643,-3,683311,684618,1308,436
MCCP01v2_0644,-1,684618,685286,669,223
MCCP01v2_0645,-2,685295,685990,696,232
MCCP01v2_0646,-1,686058,686945,888,296
MCCP01v2_0647,1,687085,687645,561,187
MCCP01v2_0648,-3,688510,688716,207,69
MCCP01v2_0649,-3,688804,689091,288,96
MCCP01v2_0650,-2,689045,690586,1542,514
MCCP01v2_0651,-1,690897,691163,267,89
MCCP01v2_0652,-3,691198,692214,1017,339
MCCP01v2_0653,-1,692238,692990,753,251
MCCP01v2_0654,-3,693037,693912,876,292
MCCP01v2_0655,-2,693896,694132,237,79
MCCP01v2_0656,-3,694333,694815,483,161
MCCP01v2_0657,-1,695139,695855,717,239
MCCP01v2_0658,-3,696052,696699,648,216
MCCP01v2_0659,-1,696699,698507,1809,603
MCCP01v2_0660,-2,698519,698968,450,150
MCCP01v2_0661,-2,699176,699628,453,151
MCCP01v2_0662,-3,700015,700413,399,133
MCCP01v2_0663,-2,701444,701944,501,167
MCCP01v2_0664,-3,702334,702774,441,147
MCCP01v2_0665,-1,703485,703625,141,47
MCCP01v2_0666,-2,703724,704089,366,122
MCCP01v2_0667,-3,705163,705432,270,90
MCCP01v2_0668,-2,705671,706498,828,276
MCCP01v2_0669,-2,706598,707311,714,238
MCCP01v2_0670,-1,707313,707939,627,209
MCCP01v2_0671,-3,707950,708708,759,253
MCCP01v2_0672,-2,708782,709411,630,210
MCCP01v2_0673,-1,709395,710231,837,279
MCCP01v2_0674,-1,710241,711002,762,254
MCCP01v2_0675,-2,711014,712513,1500,500
MCCP01v2_0676,-2,712814,713212,399,133
MCCP01v2_0677,-1,713451,714155,705,235
MCCP01v2_0678,-2,714167,715078,912,304
MCCP01v2_0679,-3,715198,715386,189,63
MCCP01v2_0680,-1,715566,715997,432,144
MCCP01v2_0681,-3,716152,716631,480,160
MCCP01v2_0682,-1,716793,718274,1482,494
MCCP01v2_0683,-1,718338,718583,246,82
MCCP01v2_0684,-1,718599,720569,1971,657
MCCP01v2_0685,-3,720610,720771,162,54
MCCP01v2_0686,-3,720907,721647,741,247
MCCP01v2_0687,-3,721747,723027,1281,427
MCCP01v2_0688,2,723317,724393,1077,359
MCCP01v2_0689,-1,724551,726818,2268,756
MCCP01v2_0690,-2,726821,727879,1059,353
MCCP01v2_0691,-2,728030,728494,465,155
MCCP01v2_0692,-3,728485,730353,1869,623
MCCP01v2_0693,-1,730671,730970,300,100
MCCP01v2_0694,-2,730919,731473,555,185
MCCP01v2_0695,-2,732113,732619,507,169
MCCP01v2_0696,-2,732809,733654,846,282
MCCP01v2_0697,1,733858,734592,735,245
MCCP01v2_0698,3,734601,736118,1518,506
MCCP01v2_0699,1,736162,736488,327,109
MCCP01v2_0700,3,736500,737441,942,314
MCCP01v2_0701,-2,737522,738949,1428,476
MCCP01v2_0702,-3,738949,739206,258,86
MCCP01v2_0703,-1,739152,739364,213,71
MCCP01v2_0704,-2,740015,740491,477,159
MCCP01v2_0705,-1,740610,740963,354,118
MCCP01v2_0706,-3,740929,741441,513,171
MCCP01v2_0707,-2,741473,742726,1254,418
MCCP01v2_0708,-2,743060,743581,522,174
MCCP01v2_0709,-3,744115,744381,267,89
MCCP01v2_0710,-2,746021,747433,1413,471
MCCP01v2_0711,-3,747661,747726,66,22
MCCP01v2_0712,-1,747921,748187,267,89
MCCP01v2_0713,-2,748484,748612,129,43
MCCP01v2_0714,-2,748682,748855,174,58
MCCP01v2_0715,1,749695,751149,1455,485
MCCP01v2_0716,2,751484,753325,1842,614
MCCP01v2_0717,1,753397,754350,954,318
MCCP01v2_0718,2,755429,756313,885,295
MCCP01v2_0719,1,757732,758034,303,101
MCCP01v2_0720,3,758643,759716,1074,358
MCCP01v2_0721,1,759778,759978,201,67
MCCP01v2_0722,2,760142,760393,252,84
MCCP01v2_0723,2,760406,761071,666,222
MCCP01v2_0724,3,761244,761420,177,59
MCCP01v2_0725,1,761704,761862,159,53
MCCP01v2_0726,3,762150,762413,264,88
MCCP01v2_0727,-1,762495,763709,1215,405
MCCP01v2_0728,-2,763838,764854,1017,339
MCCP01v2_0729,-3,764947,765882,936,312
MCCP01v2_0730,-3,765892,767076,1185,395
MCCP01v2_0731,-2,767234,768058,825,275
MCCP01v2_0732,-1,768069,770804,2736,912
MCCP01v2_0733,-2,770813,773773,2961,987
MCCP01v2_0734,1,773944,775035,1092,364
MCCP01v2_0735,2,774974,775963,990,330
MCCP01v2_0736,3,776199,776609,411,137
MCCP01v2_0737,-1,776688,777932,1245,415
MCCP01v2_0738,-3,777940,779001,1062,354
MCCP01v2_0739,-2,778979,779587,609,203
MCCP01v2_0740,3,779658,780497,840,280
MCCP01v2_0741,1,780508,781359,852,284
MCCP01v2_0742,-2,781655,782122,468,156
MCCP01v2_0743,-1,782124,782345,222,74
MCCP01v2_0744,-2,782366,782701,336,112
MCCP01v2_0745,-1,782721,783788,1068,356
MCCP01v2_0746,-3,784144,784605,462,154
MCCP01v2_0747,-1,784545,785021,477,159
MCCP01v2_0748,-3,785140,785490,351,117
MCCP01v2_0749,-2,785459,786235,777,259
MCCP01v2_0750,-3,786256,787659,1404,468
MCCP01v2_0751,-2,787808,787984,177,59
MCCP01v2_0752,-2,788102,788779,678,226
MCCP01v2_0753,2,789002,789889,888,296
MCCP01v2_0754,3,789891,790655,765,255
MCCP01v2_0755,-2,790700,791170,471,157
MCCP01v2_0756,-1,791253,792818,1566,522
MCCP01v2_0757,-1,792885,795299,2415,805
MCCP01v2_0758,-2,795566,798376,2811,937
MCCP01v2_0759,-3,798538,798936,399,133
MCCP01v2_0760,-1,798936,799391,456,152
MCCP01v2_0761,-2,799511,803656,4146,1382
MCCP01v2_0762,-1,803781,804530,750,250
MCCP01v2_0763,-3,804532,805542,1011,337
MCCP01v2_0764,-3,805555,806463,909,303
MCCP01v2_0765,-1,806451,807677,1227,409
MCCP01v2_0766,-1,807789,808148,360,120
MCCP01v2_0767,-3,808168,809121,954,318
MCCP01v2_0768,-3,809125,809514,390,130
MCCP01v2_0769,-2,809540,809905,366,122
MCCP01v2_0770,-2,810128,810352,225,75
MCCP01v2_0771,-3,810364,811119,756,252
MCCP01v2_0772,-1,811119,811760,642,214
MCCP01v2_0773,-2,811889,813337,1449,483
MCCP01v2_0774,-3,813337,813774,438,146
MCCP01v2_0775,-2,813794,814558,765,255
MCCP01v2_0776,-3,814576,814926,351,117
MCCP01v2_0777,-2,814952,815494,543,181
MCCP01v2_0778,-1,815508,815897,390,130
MCCP01v2_0779,-1,815919,816104,186,62
MCCP01v2_0780,-1,816123,816665,543,181
MCCP01v2_0781,-1,816684,817010,327,109
MCCP01v2_0782,-3,817024,817392,369,123
MCCP01v2_0783,-3,817408,817665,258,86
MCCP01v2_0784,-1,817665,818081,417,139
MCCP01v2_0785,-2,818081,818494,414,138
MCCP01v2_0786,-3,818497,819198,702,234
MCCP01v2_0787,-1,819216,819551,336,112
MCCP01v2_0788,-2,819575,819841,267,89
MCCP01v2_0789,-2,819863,820708,846,282
MCCP01v2_0790,-1,820761,821045,285,95
MCCP01v2_0791,-2,821045,821671,627,209
MCCP01v2_0792,-2,821684,822355,672,224
MCCP01v2_0793,-3,822430,822738,309,103
MCCP01v2_0794,-2,823031,823258,228,76
MCCP01v2_0795,-1,823209,823751,543,181
MCCP01v2_0796,-3,823717,824031,315,105
MCCP01v2_0797,2,824396,825148,753,251
MCCP01v2_0798,-2,825743,825883,141,47
MCCP01v2_0799,-1,825837,826196,360,120
MCCP01v2_0800,-3,826768,826887,120,40
MCCP01v2_0801,-3,827026,827709,684,228
MCCP01v2_0802,-2,827714,828568,855,285
MCCP01v2_0803,-3,828577,830178,1602,534
MCCP01v2_0804,1,830257,830985,729,243
MCCP01v2_0805,-3,831022,832461,1440,480
MCCP01v2_0806,-2,832463,833920,1458,486
MCCP01v2_0807,-3,833920,834216,297,99
MCCP01v2_0808,-2,834218,836224,2007,669
MCCP01v2_0809,-2,836228,838228,2001,667
MCCP01v2_0810,-3,838231,839139,909,303
MCCP01v2_0811,-1,839142,840116,975,325
MCCP01v2_0812,-3,840175,840444,270,90
MCCP01v2_0813,-1,840510,842678,2169,723
MCCP01v2_0814,-2,842690,843436,747,249
MCCP01v2_0815,-3,843436,844392,957,319
MCCP01v2_0816,-2,844538,844933,396,132
MCCP01v2_0817,-1,844938,845225,288,96
MCCP01v2_0818,-1,845598,845762,165,55
MCCP01v2_0819,-3,845857,846249,393,131
MCCP01v2_0820,-2,846290,846799,510,170
MCCP01v2_0821,-1,847209,848138,930,310
MCCP01v2_0822,-1,848253,849728,1476,492
MCCP01v2_0823,-2,849905,850462,558,186
MCCP01v2_0824,-3,850471,851376,906,302
MCCP01v2_0825,-3,851662,852090,429,143
MCCP01v2_0826,-3,852313,853002,690,230
MCCP01v2_0827,-2,852989,853303,315,105
MCCP01v2_0828,-3,853327,854067,741,247
MCCP01v2_0829,-3,854227,856596,2370,790
MCCP01v2_0830,-1,856608,857168,561,187
MCCP01v2_0831,-1,857613,859361,1749,583
MCCP01v2_0832,-2,859325,860074,750,250
MCCP01v2_0833,-2,860075,861541,1467,489
MCCP01v2_0834,-3,861775,862638,864,288
MCCP01v2_0835,3,862773,863636,864,288
MCCP01v2_0836,1,863590,863787,198,66
MCCP01v2_0837,2,863978,864379,402,134
MCCP01v2_0838,-1,864420,865733,1314,438
MCCP01v2_0839,-2,865946,867211,1266,422
MCCP01v2_0840,-3,867415,868686,1272,424
MCCP01v2_0841,-3,868900,870210,1311,437
MCCP01v2_0842,2,870524,870745,222,74
MCCP01v2_0843,1,870841,871182,342,114
MCCP01v2_0844,2,871121,871483,363,121
MCCP01v2_0845,-1,871713,871832,120,40
MCCP01v2_0846,2,872630,873358,729,243
MCCP01v2_0847,1,873463,874209,747,249
MCCP01v2_0848,2,874202,874657,456,152
MCCP01v2_0849,3,874614,875051,438,146
MCCP01v2_0850,2,875042,876637,1596,532
MCCP01v2_0851,1,876736,877335,600,200
MCCP01v2_0852,2,877337,878338,1002,334
MCCP01v2_0853,-1,878403,879071,669,223
MCCP01v2_0854,-2,879083,880765,1683,561
MCCP01v2_0855,1,880930,882243,1314,438
MCCP01v2_0856,-3,882286,882651,366,122
MCCP01v2_0857,-1,883044,884438,1395,465
MCCP01v2_0858,3,885105,886508,1404,468
MCCP01v2_0859,1,886510,887172,663,221
MCCP01v2_0860,-2,887543,888028,486,162
MCCP01v2_0861,-3,888289,889050,762,254
MCCP01v2_0862,-1,890073,890279,207,69
MCCP01v2_0863,-2,890351,890593,243,81
MCCP01v2_0864,-3,890803,890931,129,43
MCCP01v2_0865,-3,891238,891789,552,184
MCCP01v2_0866,-2,891812,893110,1299,433
MCCP01v2_0867,-1,893103,894401,1299,433
MCCP01v2_0868,-1,894687,895487,801,267
MCCP01v2_0869,1,895954,896325,372,124
MCCP01v2_0870,3,896475,896603,129,43
MCCP01v2_0871,3,896613,897302,690,230
MCCP01v2_0872,-3,897391,898830,1440,480
MCCP01v2_0873,-1,898833,899783,951,317
MCCP01v2_0874,1,900070,902067,1998,666
MCCP01v2_0875,3,902076,904916,2841,947
MCCP01v2_0876,1,904909,906018,1110,370
MCCP01v2_0877,1,906046,906720,675,225
MCCP01v2_0878,3,906801,907265,465,155
MCCP01v2_0879,1,907234,907743,510,170
MCCP01v2_0880,2,907754,909334,1581,527
MCCP01v2_0881,3,909318,910250,933,311
MCCP01v2_0882,2,910259,911689,1431,477
MCCP01v2_0883,1,911701,912630,930,310
MCCP01v2_0884,-1,913281,913790,510,170
MCCP01v2_0885,-1,913812,914069,258,86
MCCP01v2_0886,-1,914301,915023,723,241
MCCP01v2_0887,-2,915293,916141,849,283
MCCP01v2_0888,-1,916131,916334,204,68
MCCP01v2_0889,-1,916488,916712,225,75
MCCP01v2_0890,-1,916851,917357,507,169
MCCP01v2_0891,-2,917411,917548,138,46
MCCP01v2_0892,-1,917700,918134,435,145
MCCP01v2_0893,-2,918218,918739,522,174
MCCP01v2_0894,2,919553,919693,141,47
MCCP01v2_0895,2,919733,920023,291,97
MCCP01v2_0896,3,920157,920324,168,56
MCCP01v2_0897,-3,920362,920820,459,153
MCCP01v2_0898,-1,920910,921176,267,89
MCCP01v2_0899,2,921368,923299,1932,644
MCCP01v2_0900,-3,924100,924981,882,294
MCCP01v2_0901,-2,924968,925801,834,278
MCCP01v2_0902,-1,925788,927143,1356,452
MCCP01v2_0903,-3,927121,927825,705,235
MCCP01v2_0904,-2,927827,929698,1872,624
MCCP01v2_0905,-3,929830,930729,900,300
MCCP01v2_0906,-1,930960,931562,603,201
MCCP01v2_0907,-3,931549,931668,120,40
MCCP01v2_0908,-1,931863,932510,648,216
MCCP01v2_0909,-3,932530,933879,1350,450
MCCP01v2_0910,-3,934492,936258,1767,589
MCCP01v2_0911,-2,936326,937036,711,237
MCCP01v2_0912,-1,937008,938102,1095,365
MCCP01v2_0913,-2,938138,938338,201,67
MCCP01v2_0914,-2,938399,938572,174,58
MCCP01v2_0915,-3,938563,938745,183,61
MCCP01v2_0916,-2,938663,939034,372,124
MCCP01v2_0917,-3,939034,939654,621,207
MCCP01v2_0918,-2,939731,941308,1578,526
MCCP01v2_0919,-2,941426,942109,684,228
MCCP01v2_0920,-1,942075,943622,1548,516
MCCP01v2_0921,-3,943681,944790,1110,370
MCCP01v2_0922,-1,945087,945614,528,176
MCCP01v2_0923,-2,945671,946099,429,143
MCCP01v2_0924,-3,945997,946344,348,116
MCCP01v2_0925,-2,946424,946780,357,119
MCCP01v2_0926,-1,946740,946946,207,69
MCCP01v2_0927,-1,946950,947351,402,134
MCCP01v2_0928,-3,947758,949185,1428,476
MCCP01v2_0929,-1,950016,950552,537,179
MCCP01v2_0930,-3,951382,951831,450,150
MCCP01v2_0931,-2,951890,952870,981,327
MCCP01v2_0932,3,953280,953525,246,82
MCCP01v2_0933,-2,953576,954934,1359,453
MCCP01v2_0934,1,955138,955362,225,75
MCCP01v2_0935,3,955473,956432,960,320
MCCP01v2_0936,2,956456,957592,1137,379
MCCP01v2_0937,2,957596,958435,840,280
MCCP01v2_0938,1,958444,959808,1365,455
MCCP01v2_0939,3,960078,961439,1362,454
MCCP01v2_0940,1,961453,961719,267,89
MCCP01v2_0941,3,961719,962204,486,162
MCCP01v2_0942,3,962208,963095,888,296
MCCP01v2_0943,3,963516,964751,1236,412
MCCP01v2_0944,-2,964964,966793,1830,610
MCCP01v2_0945,-1,966813,966956,144,48
,,,,,40
,,,,,40
,,,,,40
MCCP01v2_0949,2,972605,973447,843,281
MCCP01v2_0950,1,973459,973767,309,103
MCCP01v2_0951,-2,973880,975382,1503,501
MCCP01v2_0952,-3,975385,976359,975,325
MCCP01v2_0953,-2,976361,976675,315,105
MCCP01v2_0954,-2,976781,978049,1269,423
MCCP01v2_0955,-3,978130,978957,828,276
,,,,,40
MCCP01v2_0957,-2,979025,979609,585,195
MCCP01v2_0958,-2,979628,979918,291,97
MCCP01v2_0959,2,980087,980488,402,134
MCCP01v2_0960,1,980581,981078,498,166
MCCP01v2_0961,3,981060,981317,258,86
MCCP01v2_0962,1,981256,981561,306,102
MCCP01v2_0963,2,981515,982318,804,268
MCCP01v2_0964,-1,982362,984104,1743,581
MCCP01v2_0965,3,984213,984662,450,150
MCCP01v2_0966,1,984811,986901,2091,697
,,,,,40
MCCP01v2_0968,1,987637,988542,906,302
MCCP01v2_0969,3,988596,989045,450,150
MCCP01v2_0970,-2,989093,989746,654,218
MCCP01v2_0971,-1,989979,990959,981,327
MCCP01v2_0972,2,991112,991393,282,94
MCCP01v2_0973,3,991359,991511,153,51
MCCP01v2_0974,1,991471,991812,342,114
MCCP01v2_0975,3,991812,992747,936,312
MCCP01v2_0976,3,992844,994787,1944,648
MCCP01v2_0977,2,995426,996001,576,192
MCCP01v2_0978,1,996169,996756,588,196
MCCP01v2_0979,-3,997105,998994,1890,630
MCCP01v2_0980,-1,999138,1000706,1569,523
MCCP01v2_0981,-1,1000728,1002071,1344,448
MCCP01v2_0982,1,1002292,1002792,501,167
MCCP01v2_0983,-2,1003025,1003636,612,204
MCCP01v2_0984,-3,1003996,1004265,270,90
MCCP01v2_0985,-3,1004515,1005282,768,256
MCCP01v2_0986,-2,1005329,1005652,324,108
MCCP01v2_0987,-3,1006435,1007556,1122,374
MCCP01v2_0988,-3,1007803,1008009,207,69
MCCP01v2_0989,-1,1008216,1008998,783,261
MCCP01v2_0990,-3,1008979,1009140,162,54
MCCP01v2_0991,-3,1009552,1010070,519,173
MCCP01v2_0992,-1,1010076,1010327,252,84
MCCP01v2_0993,-1,1010655,1011392,738,246
MCCP01v2_0994,-2,1011926,1012312,387,129
MCCP01v2_0995,-2,1012715,1013068,354,118
MCCP01v2_0996,-3,1013101,1013580,480,160
MCCP01v2_0997,-1,1013718,1014434,717,239
MCCP01v2_0998,-2,1014434,1014613,180,60
MCCP01v2_0999,-3,1014967,1015230,264,88
MCCP01v2_1000,-1,1015320,1016510,1191,397
MCCP01v2_1001,-2,1016528,1016857,330,110
MCCP01v2_1002,-2,1016864,1016998,135,45
